customer_id,total_amount,avg_amount,debit_count,credit_count,ticket_count,avg_resolution_time,limit,usage_percent,due_date,unique_sessions,unique_actions,last_active
CUST00001,57275.08,5727.508,7,3.0,,,200000,70.0,04-08-2025,3.0,5.0,2025-07-29 11:34:03.480044
CUST00002,23225.65,4645.13,3,2.0,,,50000,45.0,07-08-2025,2.0,4.0,2025-07-28 15:22:03.480044
CUST00003,34869.93,5811.655,2,4.0,,,50000,16.0,09-08-2025,,,
CUST00004,41567.82,4156.782,3,7.0,3.0,47.80666666666667,200000,82.0,14-08-2025,,,
CUST00005,58331.31,7291.41375,4,4.0,3.0,50.49,50000,22.0,08-08-2025,1.0,3.0,2025-07-26 09:44:03.480044
CUST00006,50473.32,6309.165,5,3.0,2.0,82.22,100000,62.0,21-08-2025,,,
CUST00007,37115.38,4639.4225,6,2.0,1.0,34.98,200000,63.0,28-08-2025,,,
CUST00008,36886.58,6147.763333333333,2,4.0,3.0,33.53333333333333,100000,87.0,05-08-2025,,,
CUST00009,72305.42,5561.955384615385,11,2.0,4.0,33.9725,200000,33.0,09-08-2025,,,
CUST00010,33215.630000000005,6643.126000000001,1,4.0,3.0,92.95,50000,26.0,23-08-2025,4.0,6.0,2025-07-29 11:34:03.481408
CUST00011,86077.85,6148.417857142857,7,7.0,2.0,28.229999999999997,200000,53.0,06-08-2025,,,
CUST00012,35740.2,5956.7,2,4.0,3.0,46.663333333333334,50000,22.0,16-08-2025,,,
CUST00013,40420.32,5052.54,6,2.0,2.0,72.88,100000,84.0,01-08-2025,2.0,3.0,2025-07-27 11:44:03.481408
CUST00014,85193.55,6553.35,7,6.0,2.0,86.49000000000001,100000,54.0,20-08-2025,1.0,2.0,2025-07-27 18:02:03.481408
CUST00015,25916.22,4319.37,1,5.0,3.0,53.02333333333333,100000,79.0,13-08-2025,1.0,3.0,2025-07-28 23:04:03.481408
CUST00016,79064.75,6081.903846153846,8,5.0,,,50000,36.0,13-08-2025,,,
CUST00017,22507.940000000002,3751.3233333333337,3,3.0,2.0,71.775,100000,68.0,24-08-2025,1.0,3.0,2025-07-26 14:27:03.482432
CUST00018,69927.86,5827.321666666667,6,6.0,,,50000,11.0,17-08-2025,,,
CUST00019,35431.36,5905.2266666666665,3,3.0,2.0,27.2,100000,54.0,20-08-2025,,,
CUST00020,44805.92,4073.2654545454543,6,5.0,1.0,2.86,200000,41.0,28-08-2025,4.0,5.0,2025-07-29 08:14:03.482432
CUST00021,63580.72,6358.072,2,8.0,3.0,56.339999999999996,50000,59.0,13-08-2025,2.0,5.0,2025-07-28 10:16:03.482432
CUST00022,29430.68,5886.136,3,2.0,,,200000,81.0,17-08-2025,,,
CUST00023,57599.939999999995,6399.993333333333,4,5.0,2.0,41.92,100000,64.0,08-08-2025,1.0,2.0,2025-07-28 03:04:03.482432
CUST00024,70504.35,4700.29,7,8.0,2.0,82.47,100000,6.0,07-08-2025,2.0,3.0,2025-07-29 16:14:03.482432
CUST00025,57895.93,5263.266363636364,7,4.0,1.0,95.47,200000,8.0,01-08-2025,,,
CUST00026,16843.6,3368.72,2,3.0,,,200000,49.0,23-08-2025,2.0,5.0,2025-07-29 12:50:03.482432
CUST00027,36489.68,5212.811428571428,4,3.0,,,50000,8.0,17-08-2025,,,
CUST00028,40537.99,5067.24875,6,2.0,2.0,84.53,50000,70.0,16-08-2025,,,
CUST00029,57634.9,4433.453846153846,9,4.0,1.0,98.99,200000,68.0,09-08-2025,,,
CUST00030,49716.4,6214.55,3,5.0,2.0,55.73,100000,84.0,14-08-2025,1.0,3.0,2025-07-26 13:00:03.482432
CUST00031,25672.489999999998,3667.4985714285713,2,5.0,1.0,8.77,200000,94.0,20-08-2025,,,
CUST00032,27479.11,5495.822,1,4.0,2.0,69.785,50000,79.0,14-08-2025,,,
CUST00033,40548.45,3686.222727272727,8,3.0,,,50000,54.0,24-08-2025,3.0,4.0,2025-07-29 02:34:03.483430
CUST00034,19519.31,3903.862,3,2.0,1.0,88.37,200000,52.0,24-08-2025,1.0,3.0,2025-07-27 19:57:03.483430
CUST00035,32979.82,5496.636666666666,3,3.0,2.0,63.495000000000005,200000,75.0,16-08-2025,1.0,2.0,2025-07-26 06:00:03.483430
CUST00036,41328.380000000005,3757.125454545455,6,5.0,,,100000,89.0,27-08-2025,2.0,4.0,2025-07-27 12:47:03.483430
CUST00037,38405.27,4800.65875,4,4.0,,,200000,82.0,19-08-2025,,,
CUST00038,23901.78,2987.7225,4,4.0,1.0,47.67,200000,9.0,02-08-2025,2.0,5.0,2025-07-28 16:59:03.483430
CUST00039,26955.65,5391.13,1,4.0,4.0,34.6175,50000,16.0,15-08-2025,1.0,2.0,2025-07-29 01:01:03.483430
CUST00040,22294.26,4458.852,4,1.0,1.0,72.27,200000,90.0,04-08-2025,,,
CUST00041,77252.56,5150.170666666667,8,7.0,,,50000,10.0,25-08-2025,,,
CUST00042,34054.71,6810.942,3,2.0,3.0,66.67,200000,26.0,10-08-2025,1.0,3.0,2025-07-28 17:23:03.483430
CUST00043,78585.0,6045.0,7,6.0,3.0,65.32666666666667,50000,73.0,14-08-2025,,,
CUST00044,45873.89,4170.353636363637,3,8.0,3.0,50.23333333333333,100000,80.0,04-08-2025,2.0,3.0,2025-07-29 06:43:03.483430
CUST00045,44159.03,6308.432857142857,1,6.0,4.0,65.4425,200000,67.0,31-07-2025,,,
CUST00046,70650.62,4710.041333333333,8,7.0,4.0,38.1225,100000,92.0,16-08-2025,2.0,4.0,2025-07-28 22:37:03.483430
CUST00047,35240.869999999995,5873.478333333333,3,3.0,2.0,79.035,50000,43.0,16-08-2025,1.0,3.0,2025-07-25 23:28:03.483430
CUST00048,30348.05,4335.435714285714,2,5.0,,,200000,93.0,28-08-2025,1.0,3.0,2025-07-27 23:46:03.483430
CUST00049,75896.2,5059.746666666667,9,6.0,,,200000,6.0,14-08-2025,,,
CUST00050,60841.65,6760.183333333333,3,6.0,,,200000,95.0,07-08-2025,,,
CUST00051,62794.24,6279.424,5,5.0,,,100000,28.999999999999996,26-08-2025,,,
CUST00052,45446.090000000004,4131.4627272727275,7,4.0,3.0,52.550000000000004,200000,87.0,16-08-2025,1.0,3.0,2025-07-27 12:52:03.484424
CUST00053,68648.7,4903.478571428571,11,3.0,,,100000,50.0,09-08-2025,,,
CUST00054,54246.52,4931.501818181818,9,2.0,2.0,33.79,100000,67.0,17-08-2025,1.0,3.0,2025-07-23 17:33:03.484424
CUST00055,56953.35,4746.1125,5,7.0,3.0,67.45,100000,87.0,14-08-2025,,,
CUST00056,42076.82,3825.1654545454544,3,8.0,2.0,72.77,100000,27.0,10-08-2025,1.0,3.0,2025-07-29 14:36:03.484424
CUST00057,78091.62,5206.107999999999,8,7.0,4.0,64.645,100000,66.0,02-08-2025,,,
CUST00058,93564.13,6237.608666666667,9,6.0,2.0,17.02,100000,28.000000000000004,14-08-2025,,,
CUST00059,88218.74,5881.249333333334,8,7.0,,,50000,81.0,02-08-2025,,,
CUST00060,61323.25,4380.232142857143,8,6.0,3.0,55.44,100000,47.0,03-08-2025,2.0,4.0,2025-07-29 01:28:03.484424
CUST00061,48227.39,6028.42375,5,3.0,1.0,88.28,100000,75.0,23-08-2025,,,
CUST00062,48990.76,5443.417777777778,4,5.0,,,50000,24.0,15-08-2025,1.0,2.0,2025-07-29 00:15:03.484424
CUST00063,31284.95,4469.278571428572,3,4.0,,,50000,63.0,17-08-2025,,,
CUST00064,28936.010000000002,4822.668333333334,2,4.0,,,50000,39.0,08-08-2025,1.0,2.0,2025-07-25 09:42:03.485429
CUST00065,77287.46,5520.532857142857,11,3.0,4.0,45.97,200000,55.00000000000001,08-08-2025,2.0,4.0,2025-07-28 04:20:03.485429
CUST00066,39263.63,3569.420909090909,6,5.0,1.0,103.91,50000,28.999999999999996,10-08-2025,1.0,2.0,2025-07-25 20:11:03.485429
CUST00067,39816.03,7963.206,0,5.0,4.0,61.817499999999995,50000,57.99999999999999,07-08-2025,1.0,2.0,2025-07-28 18:27:03.485429
CUST00068,63691.06,4899.3123076923075,8,5.0,,,200000,22.0,18-08-2025,,,
CUST00069,11845.86,1974.3100000000002,2,4.0,3.0,61.946666666666665,50000,74.0,02-08-2025,,,
CUST00070,27380.46,3911.4942857142855,5,2.0,2.0,50.525000000000006,200000,42.0,07-08-2025,,,
CUST00071,27594.269999999997,5518.853999999999,3,2.0,1.0,72.95,50000,44.0,15-08-2025,,,
CUST00072,39220.99,4357.887777777778,6,3.0,4.0,66.72749999999999,50000,53.0,26-08-2025,1.0,3.0,2025-07-28 12:37:03.485429
CUST00073,27053.760000000002,4508.96,2,4.0,,,50000,44.0,22-08-2025,2.0,3.0,2025-07-28 02:47:03.485429
CUST00074,32711.56,4673.08,4,3.0,4.0,85.395,50000,82.0,27-08-2025,2.0,4.0,2025-07-27 21:25:03.485429
CUST00075,23995.97,2999.49625,4,4.0,2.0,73.7,50000,91.0,18-08-2025,1.0,2.0,2025-07-28 13:04:03.485429
CUST00076,57849.479999999996,4820.79,6,6.0,,,100000,11.0,06-08-2025,1.0,2.0,2025-07-28 23:18:03.485429
CUST00077,23388.36,3898.06,3,3.0,3.0,69.33666666666666,100000,24.0,16-08-2025,1.0,2.0,2025-07-27 09:37:03.486851
CUST00078,54606.81,4964.255454545454,8,3.0,2.0,35.54,200000,34.0,31-07-2025,1.0,2.0,2025-07-27 14:36:03.486851
CUST00079,33676.73,4810.961428571429,1,6.0,,,50000,94.0,10-08-2025,1.0,3.0,2025-07-27 14:30:03.486851
CUST00080,51929.6,4327.466666666666,6,6.0,2.0,23.835,200000,61.0,13-08-2025,,,
CUST00081,86740.0,6195.714285714285,6,8.0,,,200000,17.0,21-08-2025,2.0,4.0,2025-07-29 05:57:03.486851
CUST00082,60692.34,4335.167142857143,7,7.0,,,200000,54.0,31-07-2025,,,
CUST00083,30238.68,4319.811428571428,3,4.0,1.0,43.08,200000,88.0,03-08-2025,,,
CUST00084,73765.87,5674.297692307692,9,4.0,2.0,28.14,200000,8.0,26-08-2025,1.0,3.0,2025-07-25 20:16:03.486851
CUST00085,29116.24,4852.706666666667,3,3.0,2.0,22.74,100000,78.0,25-08-2025,2.0,3.0,2025-07-29 08:17:03.486851
CUST00086,43542.479999999996,6220.354285714285,3,4.0,3.0,70.06,50000,94.0,20-08-2025,1.0,2.0,2025-07-29 09:56:03.486851
CUST00087,32397.75,5399.625,3,3.0,3.0,37.20666666666667,200000,49.0,16-08-2025,,,
CUST00088,53321.35,5924.594444444444,3,6.0,1.0,97.97,200000,80.0,22-08-2025,2.0,5.0,2025-07-29 14:46:03.487878
CUST00089,68906.32,5742.193333333334,6,6.0,4.0,53.23,50000,79.0,26-08-2025,2.0,4.0,2025-07-27 10:31:03.487878
CUST00090,37238.299999999996,4137.5888888888885,5,4.0,3.0,59.626666666666665,50000,46.0,25-08-2025,2.0,5.0,2025-07-28 21:55:03.487878
CUST00091,31334.5,5222.416666666667,4,2.0,,,200000,44.0,06-08-2025,1.0,3.0,2025-07-27 09:14:03.487878
CUST00092,21903.32,3650.5533333333333,4,2.0,1.0,64.63,100000,91.0,25-08-2025,,,
CUST00093,31222.94,5203.823333333333,5,1.0,2.0,83.995,50000,83.0,30-07-2025,1.0,3.0,2025-07-26 23:53:03.487878
CUST00094,49261.01,5473.445555555556,6,3.0,3.0,91.14333333333333,100000,85.0,04-08-2025,3.0,5.0,2025-07-28 01:19:03.487878
CUST00095,80578.89,5371.926,6,9.0,4.0,42.072500000000005,100000,63.0,28-08-2025,3.0,5.0,2025-07-29 17:16:03.487878
CUST00096,56510.32,4709.193333333334,6,6.0,4.0,91.60249999999999,200000,7.000000000000001,30-07-2025,,,
CUST00097,27847.23,3480.90375,3,5.0,1.0,102.04,100000,94.0,18-08-2025,1.0,3.0,2025-07-28 12:46:03.487878
CUST00098,47639.34,6805.62,3,4.0,,,200000,6.0,20-08-2025,,,
CUST00099,57527.74,5752.773999999999,4,6.0,1.0,39.63,50000,95.0,15-08-2025,1.0,3.0,2025-07-28 07:23:03.488880
CUST00100,77729.45,5552.103571428571,5,9.0,4.0,66.5325,100000,90.0,10-08-2025,,,
CUST00101,42454.45,5306.80625,4,4.0,2.0,99.285,100000,65.0,18-08-2025,2.0,4.0,2025-07-27 16:17:03.488880
CUST00102,45154.22,4104.929090909091,6,5.0,1.0,56.87,100000,50.0,11-08-2025,,,
CUST00103,28627.76,4771.293333333333,2,4.0,1.0,64.07,100000,98.0,27-08-2025,2.0,5.0,2025-07-28 06:15:03.488880
CUST00104,91909.41,6127.294,8,7.0,2.0,39.495,50000,62.0,08-08-2025,1.0,3.0,2025-07-28 17:05:03.488880
CUST00105,37738.119999999995,6289.686666666666,2,4.0,2.0,28.439999999999998,100000,10.0,13-08-2025,1.0,2.0,2025-07-28 07:44:03.488880
CUST00106,22051.21,4410.242,2,3.0,2.0,68.585,50000,78.0,09-08-2025,1.0,3.0,2025-07-26 11:17:03.488880
CUST00107,84817.97,6058.426428571429,8,6.0,3.0,89.44,200000,44.0,19-08-2025,2.0,5.0,2025-07-28 14:34:03.488880
CUST00108,60918.31,4351.307857142857,7,7.0,1.0,52.22,100000,78.0,11-08-2025,2.0,3.0,2025-07-29 15:53:03.489877
CUST00109,53680.6,4129.276923076923,6,7.0,4.0,67.6575,200000,93.0,13-08-2025,2.0,4.0,2025-07-28 07:32:03.489877
CUST00110,62331.090000000004,6233.109,4,6.0,1.0,105.89,50000,83.0,17-08-2025,1.0,3.0,2025-07-29 15:52:03.489877
CUST00111,65696.72,5474.7266666666665,3,9.0,2.0,33.1,50000,61.0,26-08-2025,1.0,2.0,2025-07-29 04:10:03.489877
CUST00112,56299.5,4330.7307692307695,7,6.0,1.0,62.28,200000,68.0,15-08-2025,,,
CUST00113,83397.68,5559.845333333333,8,7.0,3.0,45.69333333333333,100000,14.000000000000002,07-08-2025,1.0,2.0,2025-07-27 14:04:03.489877
CUST00114,53738.18,5970.908888888889,6,3.0,4.0,49.2225,50000,25.0,05-08-2025,,,
CUST00115,64939.87,4329.324666666666,9,6.0,4.0,46.572500000000005,200000,71.0,26-08-2025,2.0,3.0,2025-07-29 17:18:03.489877
CUST00116,41375.6,5910.8,3,4.0,2.0,88.475,200000,95.0,16-08-2025,,,
CUST00117,33234.82,4747.831428571429,3,4.0,1.0,13.79,200000,26.0,13-08-2025,1.0,2.0,2025-07-29 06:33:03.489877
CUST00118,40036.32,4003.632,8,2.0,,,100000,61.0,31-07-2025,2.0,3.0,2025-07-28 12:22:03.489877
CUST00119,59346.68,7418.335,1,7.0,,,50000,18.0,27-08-2025,,,
CUST00120,81456.49,5430.432666666667,7,8.0,1.0,5.43,100000,69.0,22-08-2025,3.0,6.0,2025-07-27 18:49:03.489877
CUST00121,72026.95,5540.534615384615,8,5.0,4.0,82.3475,100000,30.0,09-08-2025,,,
CUST00122,19313.86,3862.772,2,3.0,,,200000,71.0,13-08-2025,2.0,4.0,2025-07-29 07:42:03.489877
CUST00123,57071.71,4390.131538461538,6,7.0,2.0,36.065,100000,89.0,07-08-2025,,,
CUST00124,32613.0,4076.625,2,6.0,,,200000,42.0,18-08-2025,1.0,2.0,2025-07-29 02:48:03.490873
CUST00125,65318.100000000006,5024.469230769231,8,5.0,4.0,41.185,50000,24.0,12-08-2025,,,
CUST00126,86357.97,5757.198,6,9.0,2.0,43.025,100000,92.0,02-08-2025,,,
CUST00127,58100.21,5810.021,5,5.0,2.0,55.465,200000,22.0,09-08-2025,,,
CUST00128,41529.57,4614.3966666666665,6,3.0,2.0,58.925,100000,93.0,17-08-2025,3.0,4.0,2025-07-29 17:49:03.490873
CUST00129,31367.1,4481.0142857142855,5,2.0,,,100000,40.0,18-08-2025,1.0,2.0,2025-07-28 18:57:03.490873
CUST00130,73053.77,5218.126428571429,8,6.0,1.0,76.23,200000,20.0,15-08-2025,1.0,2.0,2025-07-28 12:27:03.490873
CUST00131,34954.95,4369.36875,4,4.0,1.0,47.06,100000,28.999999999999996,15-08-2025,1.0,2.0,2025-07-29 09:10:03.490873
CUST00132,61160.71,4704.67,4,9.0,3.0,64.24,100000,52.0,17-08-2025,,,
CUST00133,70164.64,4677.642666666667,6,9.0,3.0,63.14333333333334,50000,9.0,05-08-2025,1.0,3.0,2025-07-29 02:26:03.490873
CUST00134,62087.84,4775.987692307692,8,5.0,,,200000,71.0,08-08-2025,1.0,3.0,2025-07-29 14:50:03.490873
CUST00135,21260.93,3037.2757142857145,3,4.0,1.0,106.57,50000,90.0,15-08-2025,2.0,3.0,2025-07-29 07:14:03.490873
CUST00136,49859.880000000005,6232.485000000001,7,1.0,,,200000,46.0,11-08-2025,1.0,3.0,2025-07-26 06:55:03.490873
CUST00137,39308.11,4367.567777777778,6,3.0,3.0,28.686666666666667,100000,96.0,02-08-2025,,,
CUST00138,50596.13,4599.648181818182,5,6.0,,,50000,39.0,09-08-2025,,,
CUST00139,43736.7,6248.099999999999,4,3.0,,,100000,74.0,10-08-2025,1.0,3.0,2025-07-25 00:23:03.492276
CUST00140,70213.27,5015.233571428572,6,8.0,2.0,77.63,200000,40.0,15-08-2025,,,
CUST00141,71558.36,7155.836,5,5.0,1.0,18.25,100000,26.0,07-08-2025,1.0,2.0,2025-07-28 18:32:03.492276
CUST00142,76999.88,5133.325333333333,8,7.0,1.0,3.47,200000,21.0,26-08-2025,3.0,6.0,2025-07-28 09:31:03.492276
CUST00143,31797.199999999997,6359.44,2,3.0,1.0,44.31,50000,72.0,30-07-2025,1.0,2.0,2025-07-25 15:23:03.492276
CUST00144,49287.76,5476.417777777778,5,4.0,,,100000,68.0,27-08-2025,,,
CUST00145,22886.84,4577.368,2,3.0,4.0,30.592499999999998,200000,40.0,30-07-2025,1.0,3.0,2025-07-26 18:51:03.492276
CUST00146,21301.16,3550.193333333333,2,4.0,,,200000,33.0,16-08-2025,2.0,3.0,2025-07-29 09:40:03.492276
CUST00147,38229.83,5461.404285714286,3,4.0,4.0,71.1275,100000,75.0,23-08-2025,1.0,3.0,2025-07-28 09:41:03.492276
CUST00148,47923.92,5324.88,4,5.0,2.0,51.715,100000,50.0,21-08-2025,1.0,2.0,2025-07-25 23:11:03.492276
CUST00149,86819.62,6678.432307692307,3,10.0,3.0,69.86333333333333,200000,9.0,09-08-2025,1.0,3.0,2025-07-26 06:48:03.492276
CUST00150,23587.57,3931.2616666666668,2,4.0,4.0,51.775,200000,49.0,18-08-2025,1.0,2.0,2025-07-29 14:15:03.492276
CUST00151,42610.71,4734.5233333333335,4,5.0,,,200000,61.0,22-08-2025,,,
CUST00152,27725.48,5545.096,0,5.0,1.0,91.83,50000,33.0,19-08-2025,,,
CUST00153,46406.630000000005,3569.7407692307697,9,4.0,4.0,39.655,200000,7.000000000000001,03-08-2025,,,
CUST00154,49833.51,4983.351000000001,6,4.0,2.0,28.200000000000003,50000,46.0,19-08-2025,,,
CUST00155,54815.92,4216.609230769231,9,4.0,,,100000,22.0,17-08-2025,,,
CUST00156,26893.01,5378.602,0,5.0,1.0,34.88,100000,13.0,01-08-2025,,,
CUST00157,38681.35,5525.907142857142,2,5.0,,,200000,7.000000000000001,18-08-2025,1.0,2.0,2025-07-29 14:45:03.493301
CUST00158,65728.09,5056.006923076923,9,4.0,2.0,70.345,100000,66.0,10-08-2025,1.0,2.0,2025-07-26 04:44:03.493301
CUST00159,84239.54000000001,5615.969333333333,7,8.0,4.0,58.45,200000,34.0,02-08-2025,1.0,2.0,2025-07-25 08:19:03.493301
CUST00160,84221.51,6015.822142857142,4,10.0,4.0,79.195,100000,39.0,06-08-2025,,,
CUST00161,78855.38,5632.527142857143,8,6.0,4.0,30.740000000000002,200000,12.0,17-08-2025,,,
CUST00162,35406.02,4425.7525,2,6.0,3.0,94.54,100000,77.0,12-08-2025,1.0,3.0,2025-07-28 01:27:03.493301
CUST00163,32293.010000000002,4613.287142857143,3,4.0,2.0,52.86,100000,28.999999999999996,04-08-2025,1.0,2.0,2025-07-24 04:26:03.493301
CUST00164,34605.58,5767.596666666667,3,3.0,1.0,83.37,200000,74.0,16-08-2025,,,
CUST00165,58976.090000000004,5897.609,4,6.0,2.0,3.435,50000,75.0,31-07-2025,1.0,3.0,2025-07-28 14:14:03.493301
CUST00166,80108.12,5340.541333333333,6,9.0,3.0,50.25,100000,47.0,20-08-2025,2.0,3.0,2025-07-29 00:29:03.493301
CUST00167,55852.45,4654.370833333333,8,4.0,3.0,48.94,50000,72.0,09-08-2025,2.0,4.0,2025-07-28 09:28:03.493301
CUST00168,75599.14,5399.938571428572,9,5.0,2.0,52.855,200000,11.0,06-08-2025,3.0,4.0,2025-07-28 12:15:03.493301
CUST00169,64796.49,5399.7074999999995,4,8.0,,,100000,83.0,04-08-2025,,,
CUST00170,30482.12,5080.3533333333335,3,3.0,3.0,43.86333333333334,100000,53.0,28-08-2025,,,
CUST00171,74833.09,5345.220714285714,10,4.0,4.0,69.6325,100000,17.0,26-08-2025,3.0,5.0,2025-07-28 06:39:03.494296
CUST00172,39998.01,6666.335,2,4.0,2.0,29.225,200000,88.0,27-08-2025,,,
CUST00173,95239.36,6802.811428571428,7,7.0,2.0,51.31999999999999,100000,59.0,30-07-2025,1.0,3.0,2025-07-26 20:27:03.494296
CUST00174,30725.38,3840.6725,4,4.0,1.0,5.99,100000,30.0,15-08-2025,2.0,4.0,2025-07-28 06:31:03.494296
CUST00175,56420.25,4701.6875,4,8.0,1.0,15.07,100000,91.0,26-08-2025,2.0,3.0,2025-07-27 06:37:03.494296
CUST00176,69082.95,5314.073076923077,6,7.0,1.0,52.77,100000,97.0,18-08-2025,1.0,3.0,2025-07-24 18:39:03.494296
CUST00177,62032.81,4430.915,4,10.0,1.0,71.47,100000,41.0,13-08-2025,1.0,3.0,2025-07-28 10:03:03.494296
CUST00178,55419.42,5038.12909090909,8,3.0,,,200000,37.0,01-08-2025,1.0,2.0,2025-07-28 07:32:03.494296
CUST00179,51310.44,5701.16,7,2.0,3.0,83.13666666666667,100000,44.0,02-08-2025,,,
CUST00180,100818.69,6721.246,6,9.0,1.0,35.16,100000,80.0,12-08-2025,,,
CUST00181,25865.9,2873.988888888889,3,6.0,2.0,24.285,50000,54.0,27-08-2025,1.0,3.0,2025-07-28 01:38:03.494296
CUST00182,35430.770000000004,2952.564166666667,9,3.0,,,100000,32.0,16-08-2025,1.0,2.0,2025-07-27 11:14:03.494296
CUST00183,89749.11,6410.6507142857145,9,5.0,3.0,51.46,100000,21.0,16-08-2025,2.0,3.0,2025-07-29 03:30:03.494296
CUST00184,63441.01,5767.364545454546,6,5.0,4.0,64.21000000000001,50000,96.0,13-08-2025,1.0,2.0,2025-07-28 10:09:03.494296
CUST00185,62385.840000000004,4798.91076923077,8,5.0,4.0,33.73,50000,86.0,16-08-2025,3.0,4.0,2025-07-29 07:59:03.494296
CUST00186,62573.94,6257.394,5,5.0,3.0,65.42,100000,28.999999999999996,26-08-2025,1.0,2.0,2025-07-27 09:49:03.494296
CUST00187,75469.41,5805.339230769231,10,3.0,2.0,83.205,200000,72.0,09-08-2025,1.0,2.0,2025-07-27 12:50:03.494296
CUST00188,80279.56999999999,5734.254999999999,6,8.0,1.0,33.9,100000,75.0,07-08-2025,1.0,3.0,2025-07-29 14:32:03.494296
CUST00189,80398.32,5742.737142857143,7,7.0,4.0,73.845,100000,84.0,19-08-2025,2.0,4.0,2025-07-28 15:47:03.494296
CUST00190,52470.46,5247.046,3,7.0,1.0,111.18,100000,37.0,18-08-2025,,,
CUST00191,38517.75,6419.625,2,4.0,,,50000,83.0,31-07-2025,,,
CUST00192,54101.11,4161.623846153846,4,9.0,4.0,63.355000000000004,50000,54.0,17-08-2025,2.0,4.0,2025-07-29 00:13:03.495628
CUST00193,62104.37,5175.364166666667,3,9.0,1.0,20.43,100000,33.0,01-08-2025,,,
CUST00194,17720.4,3544.0800000000004,4,1.0,3.0,82.54666666666667,100000,12.0,08-08-2025,1.0,2.0,2025-07-26 09:03:03.495628
CUST00195,77983.98999999999,5570.284999999999,7,7.0,,,50000,48.0,26-08-2025,1.0,2.0,2025-07-28 21:39:03.495628
CUST00196,68202.02,5246.309230769231,7,6.0,4.0,68.7075,200000,15.0,23-08-2025,2.0,5.0,2025-07-28 07:12:03.495628
CUST00197,35471.45,4433.93125,6,2.0,4.0,79.1125,200000,44.0,06-08-2025,2.0,4.0,2025-07-29 06:48:03.495628
CUST00198,49268.54,4105.711666666667,8,4.0,2.0,44.44,200000,21.0,28-08-2025,2.0,4.0,2025-07-29 02:08:03.495628
CUST00199,37558.53,3414.411818181818,7,4.0,3.0,46.46,50000,50.0,12-08-2025,1.0,2.0,2025-07-27 09:33:03.495628
CUST00200,23966.62,4793.324,4,1.0,2.0,27.32,200000,98.0,03-08-2025,,,
CUST00201,70767.78,5443.675384615384,6,7.0,,,200000,8.0,22-08-2025,,,
CUST00202,52838.93,4403.244166666666,8,4.0,3.0,60.01333333333333,100000,63.0,27-08-2025,2.0,4.0,2025-07-29 16:46:03.495628
CUST00203,47484.94,3957.0783333333334,7,5.0,,,100000,43.0,07-08-2025,,,
CUST00204,48533.67,4853.367,5,5.0,,,200000,47.0,21-08-2025,,,
CUST00205,48119.94,5346.66,1,8.0,,,50000,30.0,25-08-2025,2.0,4.0,2025-07-29 13:41:03.495628
CUST00206,88452.11,5896.807333333333,8,7.0,1.0,36.93,200000,37.0,13-08-2025,2.0,4.0,2025-07-29 04:02:03.495628
CUST00207,49504.92,5500.546666666666,4,5.0,1.0,19.76,200000,34.0,01-08-2025,,,
CUST00208,24790.04,4958.008,4,1.0,2.0,92.77000000000001,50000,33.0,30-07-2025,1.0,2.0,2025-07-28 05:58:03.495628
CUST00209,47178.83,3931.5691666666667,8,4.0,4.0,22.765,200000,39.0,11-08-2025,,,
CUST00210,64928.56,4994.504615384615,7,6.0,1.0,110.38,50000,28.000000000000004,01-08-2025,,,
CUST00211,27791.12,3970.16,5,2.0,3.0,58.53666666666667,50000,23.0,20-08-2025,1.0,2.0,2025-07-29 15:48:03.496833
CUST00212,43348.89,6192.698571428571,2,5.0,,,200000,76.0,05-08-2025,1.0,2.0,2025-07-28 05:07:03.496833
CUST00213,87567.68,6254.834285714285,6,8.0,3.0,38.10666666666666,50000,30.0,24-08-2025,2.0,3.0,2025-07-28 20:32:03.496833
CUST00214,53479.09,5347.909,3,7.0,4.0,50.41,50000,49.0,09-08-2025,,,
CUST00215,54304.299999999996,4936.754545454545,6,5.0,4.0,69.84,50000,12.0,16-08-2025,,,
CUST00216,75532.52,5810.193846153847,7,6.0,4.0,46.5875,100000,16.0,21-08-2025,2.0,4.0,2025-07-29 16:48:03.496833
CUST00217,64232.36,5839.305454545454,5,6.0,2.0,64.265,200000,44.0,21-08-2025,1.0,2.0,2025-07-25 01:22:03.496833
CUST00218,41403.18,5914.74,6,1.0,2.0,86.955,100000,63.0,12-08-2025,3.0,6.0,2025-07-27 19:02:03.496833
CUST00219,27046.08,5409.216,1,4.0,2.0,54.655,200000,43.0,19-08-2025,1.0,2.0,2025-07-29 02:21:03.496833
CUST00220,27349.440000000002,5469.888000000001,3,2.0,1.0,44.99,100000,50.0,01-08-2025,2.0,4.0,2025-07-28 03:05:03.496833
CUST00221,72547.8,5580.6,10,3.0,1.0,10.31,200000,95.0,24-08-2025,2.0,4.0,2025-07-28 22:08:03.496833
CUST00222,69053.18,4603.545333333333,8,7.0,1.0,43.56,50000,17.0,27-08-2025,,,
CUST00223,62170.08,6907.786666666667,4,5.0,3.0,42.70000000000001,50000,21.0,03-08-2025,2.0,4.0,2025-07-28 12:52:03.497847
CUST00224,68925.28,6265.9345454545455,5,6.0,2.0,23.8,100000,91.0,01-08-2025,1.0,2.0,2025-07-27 15:58:03.497847
CUST00225,25729.760000000002,4288.293333333334,4,2.0,1.0,26.32,200000,74.0,09-08-2025,,,
CUST00226,69911.2,5377.784615384615,9,4.0,,,100000,35.0,18-08-2025,1.0,2.0,2025-07-27 09:15:03.497847
CUST00227,55980.93,5089.175454545454,4,7.0,,,200000,43.0,22-08-2025,1.0,3.0,2025-07-28 09:05:03.497847
CUST00228,34723.39,3858.1544444444444,5,4.0,3.0,40.660000000000004,50000,48.0,23-08-2025,1.0,3.0,2025-07-28 19:55:03.497847
CUST00229,46256.74,4205.158181818181,6,5.0,2.0,43.805,200000,82.0,23-08-2025,1.0,2.0,2025-07-26 22:56:03.498847
CUST00230,27976.42,5595.284,2,3.0,,,200000,77.0,21-08-2025,3.0,5.0,2025-07-29 14:32:03.498847
CUST00231,42071.42,7011.903333333333,1,5.0,4.0,47.2775,50000,68.0,17-08-2025,1.0,3.0,2025-07-29 16:30:03.498847
CUST00232,70995.27,5916.2725,7,5.0,,,50000,5.0,13-08-2025,1.0,3.0,2025-07-27 04:09:03.498847
CUST00233,48209.479999999996,4382.679999999999,7,4.0,4.0,49.38,100000,6.0,16-08-2025,1.0,3.0,2025-07-26 19:38:03.498847
CUST00234,52098.32,4736.210909090909,7,4.0,3.0,68.74666666666667,50000,50.0,27-08-2025,2.0,4.0,2025-07-28 14:46:03.498847
CUST00235,58560.11,5856.011,7,3.0,1.0,41.07,200000,15.0,27-08-2025,3.0,6.0,2025-07-28 20:44:03.498847
CUST00236,30888.25,3088.825,5,5.0,1.0,93.9,100000,52.0,11-08-2025,1.0,3.0,2025-07-27 02:08:03.498847
CUST00237,60787.81,4675.985384615385,4,9.0,1.0,116.99,50000,39.0,07-08-2025,2.0,4.0,2025-07-28 12:46:03.498847
CUST00238,25062.13,4177.0216666666665,2,4.0,3.0,55.846666666666664,200000,76.0,20-08-2025,2.0,4.0,2025-07-29 07:15:03.498847
CUST00239,76386.98,5092.465333333333,9,6.0,1.0,112.6,50000,17.0,31-07-2025,1.0,2.0,2025-07-27 11:32:03.498847
CUST00240,66310.67,4420.711333333334,9,6.0,,,200000,20.0,27-08-2025,,,
CUST00241,73962.11,5689.393076923077,6,7.0,2.0,94.00999999999999,200000,28.000000000000004,09-08-2025,2.0,4.0,2025-07-29 02:32:03.498847
CUST00242,39496.78,4388.531111111111,4,5.0,3.0,54.626666666666665,200000,51.0,20-08-2025,,,
CUST00243,37263.79,4140.421111111111,6,3.0,4.0,98.2025,200000,12.0,05-08-2025,2.0,3.0,2025-07-27 05:32:03.499856
CUST00244,31539.23,3504.358888888889,5,4.0,,,200000,42.0,27-08-2025,,,
CUST00245,30673.17,3834.14625,5,3.0,,,200000,87.0,25-08-2025,,,
CUST00246,79497.16,5299.810666666667,7,8.0,4.0,65.195,200000,37.0,24-08-2025,1.0,3.0,2025-07-29 16:36:03.499856
CUST00247,35179.8,5863.3,1,5.0,,,100000,36.0,27-08-2025,2.0,4.0,2025-07-29 16:23:03.499856
CUST00248,30099.760000000002,5016.626666666667,2,4.0,1.0,35.22,100000,39.0,17-08-2025,1.0,3.0,2025-07-29 08:05:03.499856
CUST00249,51361.89,4280.1575,4,8.0,1.0,45.81,200000,59.0,28-08-2025,,,
CUST00250,26304.440000000002,5260.888000000001,5,0.0,,,50000,28.999999999999996,03-08-2025,,,
CUST00251,33417.9,4773.9857142857145,3,4.0,,,200000,40.0,14-08-2025,1.0,3.0,2025-07-29 15:30:03.499856
CUST00252,28987.46,4831.243333333333,1,5.0,4.0,36.72,200000,62.0,11-08-2025,1.0,2.0,2025-07-27 22:00:03.499856
CUST00253,84813.7,6058.121428571429,5,9.0,1.0,105.35,50000,68.0,23-08-2025,1.0,2.0,2025-07-29 02:17:03.499856
CUST00254,62209.29,5184.1075,5,7.0,,,100000,65.0,27-08-2025,1.0,2.0,2025-07-26 19:45:03.499856
CUST00255,36959.87,4619.98375,6,2.0,4.0,71.6,200000,20.0,30-07-2025,2.0,4.0,2025-07-28 03:06:03.500868
CUST00256,73399.0,5646.076923076923,4,9.0,4.0,99.0125,100000,25.0,28-08-2025,,,
CUST00257,46490.1,6641.442857142857,3,4.0,1.0,63.45,100000,7.000000000000001,12-08-2025,,,
CUST00258,77455.47,5163.698,8,7.0,4.0,49.6675,50000,23.0,23-08-2025,1.0,2.0,2025-07-29 17:44:03.500868
CUST00259,51128.299999999996,6391.037499999999,8,0.0,2.0,38.26,100000,15.0,12-08-2025,,,
CUST00260,82086.31,6314.331538461538,8,5.0,4.0,100.3525,100000,30.0,26-08-2025,4.0,5.0,2025-07-28 00:39:03.500868
CUST00261,64020.92,7113.435555555556,5,4.0,4.0,44.3525,200000,92.0,21-08-2025,,,
CUST00262,42484.409999999996,7080.735,6,0.0,2.0,34.79,200000,59.0,06-08-2025,,,
CUST00263,43947.39,3995.2172727272728,5,6.0,4.0,74.77000000000001,200000,84.0,08-08-2025,,,
CUST00264,32455.879999999997,5409.313333333333,2,4.0,,,100000,27.0,18-08-2025,,,
CUST00265,81505.86,5821.847142857143,7,7.0,1.0,23.71,100000,13.0,20-08-2025,1.0,2.0,2025-07-26 13:29:03.501878
CUST00266,65957.34,5496.445,7,5.0,2.0,66.94500000000001,50000,77.0,24-08-2025,1.0,2.0,2025-07-29 10:07:03.501878
CUST00267,36218.75,6036.458333333333,2,4.0,,,100000,17.0,16-08-2025,1.0,3.0,2025-07-28 08:44:03.501878
CUST00268,32485.11,6497.022,2,3.0,3.0,70.57333333333334,200000,7.000000000000001,19-08-2025,2.0,4.0,2025-07-29 15:52:03.501878
CUST00269,56549.85,3769.99,8,7.0,,,200000,57.00000000000001,18-08-2025,,,
CUST00270,41440.5,5180.0625,8,0.0,4.0,73.0375,200000,95.0,16-08-2025,1.0,3.0,2025-07-25 09:15:03.501878
CUST00271,27758.82,5551.764,3,2.0,,,50000,50.0,06-08-2025,,,
CUST00272,78885.22,5634.658571428571,7,7.0,2.0,36.35,50000,60.00000000000001,08-08-2025,2.0,5.0,2025-07-29 01:27:03.501878
CUST00273,25974.23,4329.038333333333,3,3.0,4.0,18.38,100000,98.0,22-08-2025,,,
CUST00274,55161.35,5516.135,5,5.0,2.0,17.02,200000,23.0,18-08-2025,,,
CUST00275,69519.4,5347.6461538461535,6,7.0,2.0,79.53,50000,41.0,31-07-2025,2.0,4.0,2025-07-28 17:24:03.501878
CUST00276,52659.72,5265.972,7,3.0,1.0,75.87,50000,70.0,28-08-2025,1.0,2.0,2025-07-27 12:28:03.501878
CUST00277,80685.25,6206.557692307692,6,7.0,4.0,64.8325,50000,53.0,30-07-2025,1.0,3.0,2025-07-25 12:40:03.501878
CUST00278,41166.8,5880.971428571429,5,2.0,,,100000,54.0,16-08-2025,2.0,4.0,2025-07-27 14:06:03.501878
CUST00279,81157.03,5796.930714285714,5,9.0,1.0,23.71,50000,30.0,23-08-2025,,,
CUST00280,21191.010000000002,4238.202,0,5.0,4.0,65.3275,50000,88.0,05-08-2025,1.0,2.0,2025-07-27 12:38:03.501878
CUST00281,61831.03,4756.233076923077,7,6.0,2.0,67.175,200000,8.0,21-08-2025,,,
CUST00282,59092.43,4545.571538461539,6,7.0,4.0,32.055,200000,22.0,11-08-2025,1.0,3.0,2025-07-29 12:13:03.501878
CUST00283,65325.1,6532.51,2,8.0,1.0,46.94,50000,24.0,21-08-2025,2.0,5.0,2025-07-29 12:41:03.501878
CUST00284,73011.99,4867.466,7,8.0,,,100000,81.0,03-08-2025,2.0,4.0,2025-07-28 12:27:03.501878
CUST00285,39014.53,3901.453,3,7.0,3.0,102.68333333333334,100000,92.0,20-08-2025,1.0,3.0,2025-07-28 20:00:03.502877
CUST00286,53089.009999999995,3792.0721428571424,5,9.0,,,200000,37.0,03-08-2025,2.0,5.0,2025-07-29 02:12:03.502877
CUST00287,54646.35,6071.816666666667,6,3.0,4.0,64.4325,50000,38.0,31-07-2025,,,
CUST00288,38422.75,3842.275,3,7.0,,,100000,10.0,04-08-2025,,,
CUST00289,65809.59,4700.6849999999995,7,7.0,,,100000,38.0,11-08-2025,2.0,4.0,2025-07-27 12:02:03.502877
CUST00290,26171.56,5234.312,2,3.0,4.0,53.45,100000,28.000000000000004,06-08-2025,1.0,3.0,2025-07-28 16:16:03.502877
CUST00291,23207.89,3315.412857142857,2,5.0,3.0,87.89999999999999,50000,25.0,21-08-2025,2.0,3.0,2025-07-28 00:05:03.502877
CUST00292,47335.29,4733.529,5,5.0,,,200000,13.0,31-07-2025,,,
CUST00293,53326.44,4847.858181818182,6,5.0,3.0,50.49,50000,84.0,25-08-2025,,,
CUST00294,28193.28,5638.656,2,3.0,2.0,49.379999999999995,200000,47.0,06-08-2025,,,
CUST00295,55065.380000000005,5506.5380000000005,8,2.0,1.0,112.88,200000,56.00000000000001,15-08-2025,,,
CUST00296,56347.45,5122.495454545454,6,5.0,,,50000,54.0,19-08-2025,1.0,3.0,2025-07-26 20:55:03.502877
CUST00297,55994.409999999996,4307.262307692307,10,3.0,1.0,34.03,200000,51.0,16-08-2025,1.0,2.0,2025-07-29 13:41:03.502877
CUST00298,36906.21,5272.315714285714,5,2.0,4.0,48.6275,50000,53.0,27-08-2025,1.0,3.0,2025-07-23 22:37:03.502877
CUST00299,92770.47,7136.1900000000005,9,4.0,3.0,65.02333333333333,200000,16.0,30-07-2025,1.0,3.0,2025-07-28 07:57:03.502877
CUST00300,36410.71,4551.33875,6,2.0,,,50000,18.0,03-08-2025,1.0,3.0,2025-07-28 05:07:03.502877
CUST00301,58294.04,6477.115555555556,5,4.0,4.0,78.2025,50000,16.0,04-08-2025,,,
CUST00302,41063.89,4106.389,7,3.0,2.0,73.65,200000,42.0,10-08-2025,1.0,3.0,2025-07-27 15:24:03.502877
CUST00303,28402.45,3550.30625,2,6.0,,,50000,44.0,05-08-2025,2.0,4.0,2025-07-29 15:35:03.502877
CUST00304,64425.71,4601.836428571429,8,6.0,,,50000,7.000000000000001,11-08-2025,,,
CUST00305,87460.15,5830.676666666666,8,7.0,2.0,51.56,50000,92.0,10-08-2025,,,
CUST00306,45007.58,5000.8422222222225,5,4.0,,,200000,70.0,27-08-2025,1.0,2.0,2025-07-28 10:43:03.503873
CUST00307,59048.770000000004,5904.877,3,7.0,1.0,29.42,50000,31.0,24-08-2025,,,
CUST00308,53406.17,3814.7264285714286,9,5.0,,,200000,71.0,26-08-2025,,,
CUST00309,68334.98,5694.581666666666,7,5.0,1.0,104.45,200000,50.0,11-08-2025,,,
CUST00310,52274.4,4021.1076923076926,5,8.0,2.0,49.269999999999996,50000,44.0,10-08-2025,1.0,3.0,2025-07-29 10:40:03.503873
CUST00311,68527.39,6229.762727272727,4,7.0,3.0,77.57666666666667,100000,90.0,24-08-2025,1.0,3.0,2025-07-26 21:37:03.503873
CUST00312,36975.11,3361.3736363636363,5,6.0,1.0,97.05,100000,21.0,21-08-2025,2.0,3.0,2025-07-29 05:42:03.503873
CUST00313,49592.66,4959.2660000000005,8,2.0,4.0,47.1625,100000,90.0,26-08-2025,2.0,4.0,2025-07-29 15:42:03.503873
CUST00314,57417.31,5741.731,6,4.0,2.0,105.42,100000,36.0,12-08-2025,,,
CUST00315,62353.3,4453.807142857143,9,5.0,2.0,78.31,100000,69.0,04-08-2025,1.0,3.0,2025-07-29 01:40:03.503873
CUST00316,29466.38,5893.276,4,1.0,1.0,61.07,100000,40.0,20-08-2025,,,
CUST00317,32700.59,5450.098333333333,2,4.0,2.0,69.515,50000,13.0,14-08-2025,,,
CUST00318,26924.870000000003,3365.6087500000003,6,2.0,4.0,45.705,50000,92.0,09-08-2025,2.0,3.0,2025-07-28 16:15:03.503873
CUST00319,86602.7,6185.907142857142,5,9.0,1.0,23.01,200000,11.0,10-08-2025,,,
CUST00320,47017.95,3918.1625,2,10.0,1.0,77.29,50000,47.0,20-08-2025,1.0,3.0,2025-07-28 14:54:03.503873
CUST00321,27218.32,4536.386666666666,4,2.0,2.0,6.534999999999999,100000,30.0,20-08-2025,1.0,3.0,2025-07-29 16:33:03.503873
CUST00322,56543.35,4711.945833333333,5,7.0,4.0,47.5175,200000,52.0,02-08-2025,,,
CUST00323,44473.89,4941.543333333333,5,4.0,4.0,48.942499999999995,100000,69.0,06-08-2025,1.0,3.0,2025-07-26 20:28:03.503873
CUST00324,64317.67,5847.060909090909,8,3.0,4.0,59.800000000000004,100000,66.0,12-08-2025,1.0,2.0,2025-07-27 09:24:03.504880
CUST00325,32900.020000000004,5483.336666666667,4,2.0,1.0,110.37,200000,93.0,21-08-2025,1.0,2.0,2025-07-27 10:02:03.504880
CUST00326,20162.37,3360.395,5,1.0,1.0,37.84,50000,84.0,09-08-2025,2.0,4.0,2025-07-26 02:10:03.504880
CUST00327,11516.79,2303.358,4,1.0,3.0,64.68333333333334,200000,41.0,18-08-2025,,,
CUST00328,30552.53,4364.647142857143,4,3.0,3.0,62.093333333333334,200000,19.0,28-08-2025,,,
CUST00329,81492.27,5820.876428571429,10,4.0,,,100000,13.0,13-08-2025,1.0,3.0,2025-07-28 20:04:03.504880
CUST00330,52529.8,5252.9800000000005,5,5.0,2.0,61.745000000000005,100000,37.0,09-08-2025,,,
CUST00331,65243.74,6524.374,3,7.0,1.0,5.86,100000,54.0,20-08-2025,,,
CUST00332,89290.67,5952.711333333334,8,7.0,2.0,76.92,100000,26.0,25-08-2025,,,
CUST00333,26080.14,3725.7342857142858,4,3.0,,,200000,49.0,17-08-2025,,,
CUST00334,25065.22,5013.044,3,2.0,3.0,34.52333333333333,200000,24.0,01-08-2025,,,
CUST00335,77439.42,5956.878461538461,5,8.0,3.0,47.6,100000,66.0,03-08-2025,2.0,3.0,2025-07-29 16:22:03.504880
CUST00336,33613.020000000004,4201.6275000000005,6,2.0,2.0,56.38,200000,95.0,09-08-2025,1.0,2.0,2025-07-27 23:43:03.504880
CUST00337,81023.31,5401.554,7,8.0,4.0,90.0225,200000,41.0,14-08-2025,2.0,4.0,2025-07-28 17:57:03.504880
CUST00338,63850.380000000005,4560.7414285714285,7,7.0,4.0,75.44749999999999,200000,65.0,18-08-2025,2.0,4.0,2025-07-28 04:30:03.504880
CUST00339,52486.1,5831.788888888888,6,3.0,,,50000,27.0,13-08-2025,1.0,3.0,2025-07-27 22:18:03.504880
CUST00340,77694.85,5976.526923076924,7,6.0,2.0,33.51,200000,89.0,31-07-2025,3.0,5.0,2025-07-28 16:59:03.504880
CUST00341,84779.84,6055.702857142857,4,10.0,1.0,116.73,100000,8.0,30-07-2025,,,
CUST00342,74701.09,6225.090833333333,8,4.0,3.0,84.23666666666666,200000,11.0,03-08-2025,3.0,4.0,2025-07-29 01:00:03.505879
CUST00343,56261.76,5114.705454545455,4,7.0,3.0,86.27666666666666,100000,31.0,23-08-2025,,,
CUST00344,29830.3,3728.7875,5,3.0,,,200000,7.000000000000001,19-08-2025,3.0,4.0,2025-07-28 17:34:03.505879
CUST00345,53963.159999999996,6745.3949999999995,7,1.0,3.0,37.949999999999996,100000,13.0,04-08-2025,2.0,3.0,2025-07-28 08:01:03.505879
CUST00346,52878.4,4807.127272727273,4,7.0,1.0,28.62,50000,6.0,21-08-2025,2.0,4.0,2025-07-29 00:17:03.505879
CUST00347,55792.38,6199.153333333333,4,5.0,2.0,17.08,200000,82.0,07-08-2025,,,
CUST00348,30819.28,5136.546666666666,2,4.0,,,200000,71.0,06-08-2025,,,
CUST00349,23868.059999999998,4773.611999999999,2,3.0,1.0,23.82,50000,76.0,03-08-2025,,,
CUST00350,21472.7,4294.54,4,1.0,4.0,67.7975,100000,66.0,27-08-2025,,,
CUST00351,22766.46,4553.2919999999995,3,2.0,1.0,70.04,50000,98.0,22-08-2025,2.0,4.0,2025-07-28 00:26:03.505879
CUST00352,67848.05,4846.289285714286,2,12.0,2.0,58.63,100000,32.0,07-08-2025,1.0,3.0,2025-07-29 00:57:03.505879
CUST00353,46682.14,5186.904444444444,6,3.0,1.0,45.64,100000,83.0,13-08-2025,1.0,3.0,2025-07-28 23:05:03.505879
CUST00354,90121.82,6008.1213333333335,5,10.0,,,200000,83.0,13-08-2025,,,
CUST00355,23479.73,3913.2883333333334,4,2.0,2.0,97.845,200000,80.0,02-08-2025,,,
CUST00356,74885.31999999999,5760.40923076923,5,8.0,4.0,80.9825,200000,93.0,15-08-2025,1.0,2.0,2025-07-29 13:43:03.505879
CUST00357,37126.9,3375.1727272727276,5,6.0,4.0,46.2275,100000,44.0,06-08-2025,1.0,3.0,2025-07-24 16:57:03.505879
CUST00358,41534.92,3461.2433333333333,5,7.0,,,50000,35.0,06-08-2025,1.0,3.0,2025-07-25 16:55:03.505879
CUST00359,51141.090000000004,4261.757500000001,5,7.0,4.0,74.7975,100000,50.0,11-08-2025,,,
CUST00360,38023.22,4752.9025,3,5.0,1.0,100.76,100000,47.0,03-08-2025,1.0,3.0,2025-07-29 04:07:03.505879
CUST00361,66137.5,6012.5,5,6.0,1.0,68.57,200000,89.0,15-08-2025,,,
CUST00362,36971.520000000004,3697.1520000000005,7,3.0,1.0,52.43,50000,83.0,08-08-2025,,,
CUST00363,46319.39,6617.055714285714,1,6.0,1.0,84.45,100000,57.99999999999999,03-08-2025,1.0,2.0,2025-07-29 03:13:03.506881
CUST00364,62273.65,5661.24090909091,5,6.0,3.0,20.173333333333332,100000,28.000000000000004,05-08-2025,1.0,3.0,2025-07-28 18:58:03.506881
CUST00365,65647.14,5049.78,6,7.0,3.0,58.626666666666665,50000,97.0,06-08-2025,1.0,2.0,2025-07-29 01:17:03.506881
CUST00366,47366.56,3947.213333333333,3,9.0,1.0,112.29,200000,73.0,01-08-2025,,,
CUST00367,79860.38,6143.1061538461545,11,2.0,1.0,49.06,50000,37.0,25-08-2025,,,
CUST00368,79583.11,5684.507857142858,9,5.0,2.0,13.93,200000,73.0,28-08-2025,3.0,5.0,2025-07-29 06:19:03.507876
CUST00369,82345.72,5881.837142857143,10,4.0,3.0,89.28666666666668,50000,43.0,24-08-2025,,,
CUST00370,43457.56,5432.195,4,4.0,,,200000,80.0,18-08-2025,1.0,2.0,2025-07-29 09:37:03.507876
CUST00371,32193.38,5365.5633333333335,3,3.0,1.0,75.53,200000,88.0,08-08-2025,1.0,3.0,2025-07-29 02:59:03.507876
CUST00372,45492.14,5686.5175,4,4.0,1.0,14.76,200000,6.0,21-08-2025,,,
CUST00373,53389.45,4853.586363636364,5,6.0,3.0,34.73,200000,39.0,18-08-2025,,,
CUST00374,85580.82,5705.388000000001,6,9.0,3.0,96.92,200000,86.0,31-07-2025,2.0,4.0,2025-07-29 11:19:03.507876
CUST00375,22266.61,4453.322,3,2.0,1.0,109.97,200000,48.0,07-08-2025,,,
CUST00376,19047.510000000002,3809.5020000000004,3,2.0,4.0,32.48,50000,49.0,18-08-2025,1.0,3.0,2025-07-28 17:20:03.507876
CUST00377,59923.72,5992.372,6,4.0,4.0,71.475,100000,84.0,19-08-2025,1.0,3.0,2025-07-29 12:00:03.507876
CUST00378,28091.739999999998,4681.956666666666,3,3.0,3.0,52.55666666666667,100000,41.0,04-08-2025,,,
CUST00379,40086.34,4454.037777777778,4,5.0,,,100000,70.0,24-08-2025,1.0,2.0,2025-07-29 13:19:03.507876
CUST00380,47975.44,3997.9533333333334,5,7.0,2.0,96.4,50000,44.0,12-08-2025,1.0,3.0,2025-07-26 12:17:03.508880
CUST00381,49041.97,3269.4646666666667,6,9.0,1.0,53.61,100000,12.0,30-07-2025,,,
CUST00382,46783.58,3898.6316666666667,8,4.0,2.0,65.33,50000,50.0,25-08-2025,,,
CUST00383,55626.11,5562.611,5,5.0,1.0,83.63,200000,39.0,18-08-2025,1.0,2.0,2025-07-27 17:07:03.508880
CUST00384,34966.11,5827.685,5,1.0,4.0,76.8,50000,36.0,23-08-2025,,,
CUST00385,24033.24,4806.648,3,2.0,3.0,22.403333333333332,200000,24.0,26-08-2025,1.0,3.0,2025-07-27 22:32:03.508880
CUST00386,36091.9,4511.4875,4,4.0,2.0,64.81,100000,45.0,26-08-2025,1.0,3.0,2025-07-26 19:52:03.508880
CUST00387,60941.87,5078.489166666667,6,6.0,,,50000,13.0,20-08-2025,1.0,3.0,2025-07-29 16:38:03.508880
CUST00388,48870.6,4887.0599999999995,7,3.0,1.0,50.15,50000,45.0,30-07-2025,,,
CUST00389,79073.33,6589.444166666667,5,7.0,2.0,49.38,50000,26.0,13-08-2025,,,
CUST00390,67419.75,5618.3125,6,6.0,1.0,8.89,100000,60.00000000000001,08-08-2025,,,
CUST00391,54121.4,5412.14,6,4.0,2.0,38.95,200000,5.0,11-08-2025,,,
CUST00392,62901.32,4492.951428571429,5,9.0,,,50000,44.0,27-08-2025,1.0,3.0,2025-07-29 05:20:03.508880
CUST00393,51362.369999999995,5136.236999999999,3,7.0,1.0,86.32,100000,40.0,16-08-2025,1.0,3.0,2025-07-28 00:40:03.508880
CUST00394,21316.82,4263.364,2,3.0,4.0,45.355000000000004,200000,73.0,14-08-2025,,,
CUST00395,36571.25,6095.208333333333,4,2.0,4.0,67.72,200000,8.0,15-08-2025,,,
CUST00396,73165.93,5628.148461538461,5,8.0,4.0,78.5025,100000,59.0,31-07-2025,,,
CUST00397,42328.16,4703.128888888889,6,3.0,2.0,50.845,100000,31.0,22-08-2025,,,
CUST00398,44805.17,4480.517,4,6.0,2.0,71.175,100000,23.0,11-08-2025,,,
CUST00399,59431.42,4952.618333333333,5,7.0,3.0,52.1,200000,20.0,25-08-2025,2.0,3.0,2025-07-29 16:43:03.508880
CUST00400,70311.65,6391.968181818182,4,7.0,,,50000,62.0,01-08-2025,2.0,5.0,2025-07-29 08:28:03.508880
CUST00401,36558.2,5222.599999999999,6,1.0,2.0,52.485,100000,85.0,09-08-2025,1.0,3.0,2025-07-27 20:30:03.509875
CUST00402,40651.86,5081.4825,2,6.0,1.0,45.09,200000,98.0,21-08-2025,,,
CUST00403,30781.97,4397.424285714286,2,5.0,3.0,51.36666666666667,100000,49.0,10-08-2025,,,
CUST00404,61441.82,4726.293846153846,9,4.0,1.0,28.19,200000,88.0,17-08-2025,3.0,5.0,2025-07-29 13:04:03.509875
CUST00405,51211.53,5121.153,6,4.0,1.0,82.62,50000,80.0,20-08-2025,2.0,4.0,2025-07-28 22:16:03.509875
CUST00406,53426.68,3816.191428571429,10,4.0,3.0,49.086666666666666,200000,17.0,18-08-2025,2.0,3.0,2025-07-29 15:37:03.509875
CUST00407,43891.26,5486.4075,2,6.0,4.0,53.394999999999996,200000,16.0,11-08-2025,1.0,3.0,2025-07-29 09:50:03.509875
CUST00408,19164.05,2737.7214285714285,1,6.0,2.0,57.28,50000,79.0,04-08-2025,2.0,3.0,2025-07-28 16:23:03.509875
CUST00409,36243.45,3294.859090909091,6,5.0,1.0,22.25,50000,30.0,06-08-2025,,,
CUST00410,74367.91,6197.325833333333,4,8.0,3.0,60.73999999999999,200000,33.0,22-08-2025,,,
CUST00411,55607.75,5055.25,6,5.0,3.0,100.77333333333333,200000,59.0,17-08-2025,2.0,3.0,2025-07-28 07:38:03.509875
CUST00412,56037.49,6226.387777777778,3,6.0,3.0,26.543333333333333,50000,66.0,17-08-2025,2.0,3.0,2025-07-28 23:32:03.510881
CUST00413,32947.41,6589.482000000001,4,1.0,4.0,88.45,200000,54.0,28-08-2025,,,
CUST00414,44390.07,6341.438571428572,2,5.0,,,50000,49.0,07-08-2025,,,
CUST00415,87000.01,5800.000666666666,7,8.0,3.0,49.47666666666667,50000,9.0,31-07-2025,2.0,5.0,2025-07-29 15:34:03.510881
CUST00416,70190.54000000001,4679.369333333334,6,9.0,1.0,21.81,50000,47.0,23-08-2025,,,
CUST00417,59990.409999999996,4999.200833333333,8,4.0,4.0,54.099999999999994,50000,81.0,05-08-2025,2.0,4.0,2025-07-28 03:48:03.510881
CUST00418,73012.22,4867.481333333333,10,5.0,,,200000,41.0,02-08-2025,1.0,2.0,2025-07-27 08:36:03.510881
CUST00419,73595.61,4906.374,6,9.0,2.0,38.230000000000004,50000,77.0,06-08-2025,,,
CUST00420,95873.47,6848.1050000000005,6,8.0,2.0,44.21,100000,38.0,03-08-2025,2.0,5.0,2025-07-29 09:10:03.510881
CUST00421,70023.64,6365.785454545455,7,4.0,3.0,71.69,50000,49.0,03-08-2025,3.0,5.0,2025-07-29 13:00:03.510881
CUST00422,32072.5,6414.5,1,4.0,1.0,55.97,50000,65.0,30-07-2025,3.0,5.0,2025-07-29 04:30:03.510881
CUST00423,97519.72,6501.314666666667,6,9.0,4.0,73.66,200000,27.0,16-08-2025,,,
CUST00424,59775.14,4981.261666666666,6,6.0,3.0,80.34333333333333,50000,11.0,23-08-2025,2.0,5.0,2025-07-29 04:24:03.510881
CUST00425,24235.64,4039.273333333333,5,1.0,4.0,47.7275,100000,89.0,16-08-2025,3.0,5.0,2025-07-29 11:24:03.510881
CUST00426,88044.22,5869.614666666666,8,7.0,,,200000,39.0,03-08-2025,,,
CUST00427,81358.47,5423.898,9,6.0,1.0,55.08,200000,41.0,04-08-2025,1.0,2.0,2025-07-25 17:24:03.510881
CUST00428,49086.270000000004,4462.388181818183,5,6.0,3.0,74.12,100000,97.0,04-08-2025,,,
CUST00429,29079.370000000003,4846.561666666667,3,3.0,,,50000,62.0,20-08-2025,,,
CUST00430,49809.21,4980.921,7,3.0,1.0,104.24,50000,49.0,28-08-2025,,,
CUST00431,66280.42,7364.4911111111105,5,4.0,,,50000,67.0,09-08-2025,,,
CUST00432,81570.81,6274.677692307692,8,5.0,1.0,52.27,200000,39.0,08-08-2025,2.0,4.0,2025-07-27 18:26:03.512134
CUST00433,78729.84,5248.656,7,8.0,2.0,33.53,100000,70.0,03-08-2025,3.0,5.0,2025-07-28 22:14:03.512643
CUST00434,20942.25,3490.375,3,3.0,3.0,32.98666666666667,50000,34.0,15-08-2025,,,
CUST00435,59242.52,4936.876666666666,6,6.0,1.0,98.35,50000,6.0,04-08-2025,1.0,2.0,2025-07-28 10:51:03.512643
CUST00436,34520.94,5753.490000000001,4,2.0,,,200000,85.0,15-08-2025,3.0,4.0,2025-07-28 12:39:03.512643
CUST00437,50243.93,4186.994166666666,5,7.0,3.0,31.290000000000003,200000,26.0,07-08-2025,2.0,4.0,2025-07-28 07:08:03.512643
CUST00438,83528.49,6425.268461538462,10,3.0,3.0,29.69333333333334,200000,63.0,02-08-2025,,,
CUST00439,50390.1,6298.7625,5,3.0,1.0,81.09,200000,32.0,25-08-2025,1.0,3.0,2025-07-28 03:37:03.512643
CUST00440,39657.14,4406.348888888889,4,5.0,,,100000,86.0,13-08-2025,,,
CUST00441,32840.16,4105.02,2,6.0,,,200000,95.0,24-08-2025,,,
CUST00442,68833.29000000001,4916.663571428572,11,3.0,3.0,31.81,50000,20.0,28-08-2025,2.0,4.0,2025-07-28 10:00:03.512643
CUST00443,40970.08,4097.008,5,5.0,,,100000,12.0,06-08-2025,2.0,3.0,2025-07-29 04:48:03.512643
CUST00444,55074.24,5006.749090909091,6,5.0,,,50000,88.0,02-08-2025,,,
CUST00445,54425.89,4535.490833333333,3,9.0,,,100000,79.0,25-08-2025,1.0,2.0,2025-07-25 17:50:03.512643
CUST00446,59212.95,4229.496428571429,10,4.0,4.0,52.6925,50000,28.999999999999996,31-07-2025,,,
CUST00447,40213.14,5026.6425,7,1.0,3.0,42.29,100000,90.0,31-07-2025,1.0,3.0,2025-07-27 08:02:03.512643
CUST00448,64152.340000000004,5346.028333333334,7,5.0,4.0,64.865,50000,89.0,05-08-2025,1.0,3.0,2025-07-26 06:39:03.513662
CUST00449,75274.41,5790.339230769231,7,6.0,2.0,49.195,200000,54.0,08-08-2025,2.0,4.0,2025-07-29 07:53:03.513662
CUST00450,67713.85,6771.385,7,3.0,4.0,70.775,100000,7.000000000000001,24-08-2025,3.0,5.0,2025-07-29 13:02:03.513662
CUST00451,53503.1,3566.8733333333334,9,6.0,4.0,47.7775,100000,35.0,03-08-2025,2.0,5.0,2025-07-28 09:38:03.513662
CUST00452,27705.03,3463.12875,5,3.0,1.0,88.94,50000,22.0,23-08-2025,,,
CUST00453,35525.77,5920.961666666666,4,2.0,4.0,26.384999999999998,50000,31.0,21-08-2025,1.0,3.0,2025-07-25 16:33:03.513662
CUST00454,73790.97,6149.2475,4,8.0,,,100000,89.0,30-07-2025,,,
CUST00455,43121.979999999996,3317.0753846153843,5,8.0,,,50000,77.0,12-08-2025,,,
CUST00456,43789.08,4378.908,6,4.0,1.0,119.5,100000,16.0,27-08-2025,1.0,3.0,2025-07-27 09:15:03.513662
CUST00457,38929.7,4325.522222222222,5,4.0,3.0,12.423333333333332,200000,28.999999999999996,06-08-2025,,,
CUST00458,67186.56999999999,5168.197692307692,9,4.0,1.0,110.66,50000,41.0,28-08-2025,,,
CUST00459,61324.770000000004,4380.340714285715,6,8.0,3.0,65.66,50000,83.0,04-08-2025,1.0,2.0,2025-07-25 17:09:03.513662
CUST00460,68499.88,4566.658666666667,10,5.0,,,50000,55.00000000000001,31-07-2025,,,
CUST00461,39796.04,4974.505,5,3.0,2.0,49.965,50000,83.0,25-08-2025,1.0,2.0,2025-07-28 17:15:03.513662
CUST00462,35684.97,3568.4970000000003,5,5.0,2.0,78.945,50000,19.0,27-08-2025,2.0,4.0,2025-07-29 02:13:03.513662
CUST00463,80511.57,5367.438,9,6.0,2.0,74.755,200000,96.0,04-08-2025,2.0,3.0,2025-07-29 10:49:03.513662
CUST00464,55410.93,4617.5775,5,7.0,1.0,66.6,100000,40.0,02-08-2025,,,
CUST00465,78195.78,6015.0599999999995,4,9.0,4.0,50.917500000000004,50000,96.0,14-08-2025,,,
CUST00466,64416.26,4601.161428571429,7,7.0,1.0,82.06,200000,31.0,23-08-2025,3.0,5.0,2025-07-28 21:33:03.513662
CUST00467,66888.98,5145.306153846153,8,5.0,,,100000,7.000000000000001,07-08-2025,,,
CUST00468,18024.79,2574.9700000000003,3,4.0,2.0,70.37,100000,50.0,09-08-2025,,,
CUST00469,51920.119999999995,5192.012,4,6.0,,,50000,32.0,30-07-2025,1.0,2.0,2025-07-28 21:40:03.514664
CUST00470,78418.72,5601.337142857143,6,8.0,2.0,69.325,50000,45.0,16-08-2025,1.0,3.0,2025-07-28 21:53:03.514664
CUST00471,74265.14,5712.703076923077,10,3.0,,,100000,85.0,04-08-2025,2.0,4.0,2025-07-29 11:28:03.514664
CUST00472,48297.57,4829.757,7,3.0,3.0,55.81666666666666,50000,88.0,27-08-2025,,,
CUST00473,19614.17,3922.834,3,2.0,1.0,111.99,100000,98.0,26-08-2025,,,
CUST00474,71505.33,5500.41,7,6.0,2.0,115.555,200000,86.0,02-08-2025,3.0,4.0,2025-07-28 09:49:03.514664
CUST00475,51947.23,3995.9407692307695,7,6.0,,,200000,33.0,18-08-2025,,,
CUST00476,40740.54,5820.077142857143,3,4.0,3.0,19.4,100000,32.0,22-08-2025,,,
CUST00477,41746.86,6957.81,5,1.0,,,200000,43.0,12-08-2025,4.0,6.0,2025-07-29 13:08:03.514664
CUST00478,55108.41,4592.3675,6,6.0,,,100000,51.0,07-08-2025,1.0,2.0,2025-07-26 11:55:03.514664
CUST00479,44348.0,5543.5,7,1.0,,,50000,43.0,05-08-2025,2.0,4.0,2025-07-29 02:39:03.514664
CUST00480,56750.96,5675.096,4,6.0,2.0,44.115,200000,36.0,10-08-2025,2.0,3.0,2025-07-28 09:43:03.514664
CUST00481,42045.26,6006.465714285715,2,5.0,,,100000,43.0,20-08-2025,,,
CUST00482,58481.840000000004,4873.486666666667,5,7.0,4.0,74.6025,200000,93.0,30-07-2025,1.0,3.0,2025-07-29 09:44:03.515175
CUST00483,40850.29,3404.1908333333336,7,5.0,1.0,17.71,200000,80.0,23-08-2025,1.0,3.0,2025-07-28 23:10:03.515175
CUST00484,52421.78,5824.642222222222,7,2.0,2.0,53.4,200000,28.000000000000004,17-08-2025,2.0,4.0,2025-07-27 17:29:03.515175
CUST00485,33605.9,4800.842857142858,4,3.0,,,200000,5.0,20-08-2025,,,
CUST00486,68227.55,4548.503333333333,8,7.0,2.0,40.8,100000,63.0,03-08-2025,1.0,3.0,2025-07-26 09:54:03.515175
CUST00487,46831.46,4683.146,5,5.0,3.0,59.376666666666665,50000,81.0,19-08-2025,,,
CUST00488,39493.41,4388.156666666667,5,4.0,,,200000,41.0,19-08-2025,,,
CUST00489,94650.56,6760.754285714285,9,5.0,,,100000,51.0,05-08-2025,1.0,3.0,2025-07-27 11:05:03.515175
CUST00490,66986.19,4784.727857142857,7,7.0,1.0,110.19,50000,43.0,22-08-2025,1.0,2.0,2025-07-28 03:09:03.515175
CUST00491,25963.9,3245.4875,2,6.0,1.0,57.66,200000,77.0,20-08-2025,1.0,2.0,2025-07-27 12:00:03.515175
CUST00492,84020.34,5601.356,9,6.0,2.0,93.67500000000001,100000,77.0,24-08-2025,,,
CUST00493,32126.690000000002,6425.338000000001,3,2.0,,,50000,61.0,05-08-2025,,,
CUST00494,58480.24,4873.3533333333335,9,3.0,3.0,85.8,200000,6.0,27-08-2025,,,
CUST00495,69698.52,5808.21,3,9.0,3.0,76.72333333333334,50000,38.0,17-08-2025,2.0,4.0,2025-07-29 12:59:03.515175
CUST00496,36654.84,4581.855,2,6.0,1.0,75.98,200000,66.0,27-08-2025,1.0,3.0,2025-07-28 20:50:03.515175
CUST00497,28313.31,4044.7585714285715,2,5.0,1.0,80.19,100000,65.0,17-08-2025,,,
CUST00498,47646.65,4331.513636363637,7,4.0,1.0,9.53,100000,39.0,28-08-2025,2.0,5.0,2025-07-28 07:04:03.516186
CUST00499,56277.229999999996,4329.017692307692,8,5.0,,,100000,47.0,23-08-2025,,,
CUST00500,36928.08,4616.01,6,2.0,1.0,110.55,200000,62.0,04-08-2025,4.0,4.0,2025-07-28 16:32:03.516186
CUST00501,93869.26,6704.947142857142,8,6.0,4.0,76.145,100000,43.0,19-08-2025,1.0,1.0,2025-07-25 04:10:03.516186
CUST00502,53059.51,4823.591818181819,4,7.0,3.0,69.95666666666666,100000,13.0,10-08-2025,1.0,1.0,2025-07-29 02:49:03.516186
CUST00503,46808.96,5851.12,5,3.0,1.0,102.05,200000,18.0,12-08-2025,1.0,2.0,2025-07-27 20:14:03.516186
CUST00504,63967.88,4569.134285714285,8,6.0,2.0,48.795,100000,63.0,22-08-2025,,,
CUST00505,37347.67,3112.3058333333333,8,4.0,4.0,52.22,50000,67.0,01-08-2025,1.0,3.0,2025-07-29 05:48:03.516186
CUST00506,46118.29,6588.327142857143,3,4.0,2.0,74.215,200000,52.0,09-08-2025,2.0,4.0,2025-07-29 10:20:03.516186
CUST00507,40340.21,6723.368333333333,2,4.0,2.0,47.23,200000,68.0,30-07-2025,1.0,3.0,2025-07-26 21:50:03.516186
CUST00508,47636.94,3969.7450000000003,6,6.0,2.0,46.8,100000,55.00000000000001,07-08-2025,2.0,4.0,2025-07-27 13:35:03.516186
CUST00509,102919.13,6861.275333333334,12,3.0,4.0,74.3325,200000,57.00000000000001,21-08-2025,2.0,4.0,2025-07-29 17:16:03.516186
CUST00510,42500.9,6071.557142857143,3,4.0,4.0,43.425000000000004,200000,30.0,21-08-2025,1.0,3.0,2025-07-28 08:52:03.516186
CUST00511,42937.47,4770.83,8,1.0,3.0,78.76666666666667,100000,91.0,11-08-2025,2.0,4.0,2025-07-27 03:58:03.516186
CUST00512,19544.149999999998,3908.8299999999995,0,5.0,2.0,25.33,50000,43.0,06-08-2025,2.0,3.0,2025-07-27 11:44:03.516186
CUST00513,47434.32,5929.29,5,3.0,4.0,78.42750000000001,200000,7.000000000000001,04-08-2025,1.0,2.0,2025-07-29 03:16:03.517192
CUST00514,63522.27,6352.227,7,3.0,,,100000,31.0,30-07-2025,,,
CUST00515,41499.48,5187.435,4,4.0,4.0,64.27,50000,51.0,14-08-2025,,,
CUST00516,21059.309999999998,4211.861999999999,3,2.0,3.0,44.553333333333335,100000,54.0,09-08-2025,1.0,3.0,2025-07-29 04:10:03.517192
CUST00517,45032.479999999996,4093.861818181818,4,7.0,4.0,73.365,50000,81.0,17-08-2025,1.0,3.0,2025-07-26 16:54:03.517192
CUST00518,28340.149999999998,5668.03,2,3.0,2.0,66.41499999999999,100000,15.0,25-08-2025,,,
CUST00519,65375.25,6537.525,7,3.0,1.0,94.69,50000,77.0,26-08-2025,,,
CUST00520,36872.979999999996,6145.496666666666,4,2.0,1.0,41.84,200000,66.0,15-08-2025,,,
CUST00521,25039.26,3577.0371428571425,3,4.0,1.0,65.64,100000,66.0,05-08-2025,,,
CUST00522,69301.73,5330.902307692308,5,8.0,1.0,1.83,200000,90.0,24-08-2025,2.0,2.0,2025-07-28 16:09:03.517192
CUST00523,72325.08,6027.09,5,7.0,,,200000,75.0,22-08-2025,2.0,4.0,2025-07-28 13:42:03.517192
CUST00524,33766.83,4823.832857142857,5,2.0,3.0,56.70666666666667,50000,79.0,28-08-2025,,,
CUST00525,78810.91,5629.350714285714,3,11.0,3.0,63.556666666666665,50000,45.0,26-08-2025,,,
CUST00526,43842.909999999996,4384.290999999999,4,6.0,4.0,74.1825,50000,64.0,09-08-2025,,,
CUST00527,25959.989999999998,5191.998,4,1.0,2.0,102.925,200000,35.0,13-08-2025,,,
CUST00528,29911.370000000003,4273.052857142858,2,5.0,1.0,2.06,100000,48.0,11-08-2025,2.0,4.0,2025-07-27 08:35:03.517192
CUST00529,40171.020000000004,4017.1020000000003,6,4.0,3.0,65.11666666666666,50000,28.999999999999996,20-08-2025,2.0,4.0,2025-07-27 17:04:03.517192
CUST00530,59475.67,4575.051538461538,6,7.0,,,200000,27.0,02-08-2025,1.0,2.0,2025-07-27 19:24:03.517192
CUST00531,24195.2,4032.5333333333333,2,4.0,4.0,62.364999999999995,200000,85.0,08-08-2025,,,
CUST00532,64087.57,7120.841111111111,4,5.0,3.0,33.449999999999996,200000,15.0,07-08-2025,1.0,2.0,2025-07-27 00:20:03.517192
CUST00533,23437.1,2929.6375,4,4.0,,,100000,62.0,05-08-2025,1.0,2.0,2025-07-26 20:10:03.517192
CUST00534,55643.72,5564.372,4,6.0,4.0,41.35,200000,32.0,22-08-2025,,,
CUST00535,52940.56,3529.3706666666667,11,4.0,,,200000,44.0,08-08-2025,1.0,2.0,2025-07-28 14:50:03.517192
CUST00536,34202.75,4275.34375,4,4.0,2.0,69.13,50000,70.0,28-08-2025,,,
CUST00537,69079.51,5313.808461538461,6,7.0,4.0,93.23,100000,69.0,11-08-2025,,,
CUST00538,30466.1,4352.3,2,5.0,,,50000,35.0,18-08-2025,1.0,2.0,2025-07-29 17:26:03.517192
CUST00539,57459.41,4788.284166666667,7,5.0,4.0,32.0725,50000,7.000000000000001,23-08-2025,1.0,2.0,2025-07-26 21:33:03.518195
CUST00540,91275.7,6085.046666666666,8,7.0,,,100000,55.00000000000001,16-08-2025,2.0,3.0,2025-07-26 16:30:03.518195
CUST00541,64558.62,5868.965454545455,7,4.0,1.0,60.25,100000,90.0,23-08-2025,1.0,2.0,2025-07-28 02:41:03.518195
CUST00542,50011.11,5556.79,5,4.0,4.0,84.75,200000,51.0,09-08-2025,2.0,6.0,2025-07-29 15:19:03.518195
CUST00543,72823.64,5201.688571428572,5,9.0,,,50000,47.0,11-08-2025,1.0,3.0,2025-07-29 11:10:03.518195
CUST00544,46427.0,5158.555555555556,4,5.0,4.0,88.4325,200000,82.0,05-08-2025,1.0,2.0,2025-07-28 23:13:03.518195
CUST00545,64632.26,4616.59,7,7.0,3.0,78.36333333333333,50000,92.0,27-08-2025,,,
CUST00546,36557.71,4569.71375,5,3.0,1.0,72.93,200000,16.0,20-08-2025,2.0,3.0,2025-07-28 19:40:03.518195
CUST00547,48624.91,4420.446363636364,5,6.0,1.0,29.27,200000,9.0,20-08-2025,,,
CUST00548,62432.93,5202.744166666666,6,6.0,3.0,82.27333333333333,200000,67.0,07-08-2025,1.0,3.0,2025-07-29 10:47:03.518195
CUST00549,37902.43,4211.381111111111,3,6.0,3.0,76.01333333333334,100000,77.0,01-08-2025,,,
CUST00550,69284.21,5329.554615384616,6,7.0,4.0,55.212500000000006,200000,92.0,03-08-2025,,,
CUST00551,52880.78,5288.0779999999995,4,6.0,3.0,58.946666666666665,200000,46.0,05-08-2025,3.0,5.0,2025-07-29 08:32:03.518195
CUST00552,44108.95,4900.9944444444445,6,3.0,3.0,73.16666666666667,200000,39.0,02-08-2025,,,
CUST00553,41105.95,6850.991666666666,3,3.0,4.0,55.6875,100000,27.0,11-08-2025,3.0,4.0,2025-07-28 04:36:03.518195
CUST00554,57384.45,5738.445,6,4.0,1.0,95.94,200000,59.0,06-08-2025,,,
CUST00555,39116.009999999995,4889.501249999999,2,6.0,1.0,74.32,50000,10.0,16-08-2025,1.0,2.0,2025-07-28 06:16:03.518195
CUST00556,57076.78999999999,5188.79909090909,3,8.0,4.0,68.7075,200000,85.0,09-08-2025,,,
CUST00557,31826.06,3978.2575,6,2.0,3.0,76.72666666666667,50000,65.0,14-08-2025,1.0,3.0,2025-07-28 00:27:03.518195
CUST00558,42562.51,4729.167777777778,5,4.0,3.0,63.803333333333335,50000,21.0,08-08-2025,,,
CUST00559,34635.92,6927.183999999999,1,4.0,3.0,70.1,50000,68.0,01-08-2025,2.0,4.0,2025-07-29 15:11:03.518195
CUST00560,37935.61,6322.6016666666665,3,3.0,1.0,54.02,200000,53.0,30-07-2025,,,
CUST00561,38540.590000000004,4817.5737500000005,4,4.0,4.0,66.055,50000,96.0,14-08-2025,1.0,3.0,2025-07-26 21:44:03.519196
CUST00562,22352.809999999998,3725.468333333333,3,3.0,3.0,73.52333333333333,50000,39.0,05-08-2025,,,
CUST00563,25220.88,2802.32,6,3.0,2.0,61.64,50000,16.0,16-08-2025,,,
CUST00564,27377.309999999998,4562.884999999999,2,4.0,1.0,88.45,100000,40.0,31-07-2025,,,
CUST00565,61824.36,5152.03,6,6.0,4.0,42.1075,50000,27.0,17-08-2025,1.0,2.0,2025-07-29 14:59:03.519196
CUST00566,34823.64,4974.805714285714,6,1.0,2.0,71.565,200000,98.0,19-08-2025,1.0,3.0,2025-07-28 04:33:03.519196
CUST00567,33354.12,4764.874285714286,2,5.0,4.0,70.38499999999999,100000,59.0,19-08-2025,1.0,3.0,2025-07-29 10:07:03.519196
CUST00568,22719.43,4543.886,3,2.0,4.0,58.7425,100000,69.0,24-08-2025,1.0,3.0,2025-07-26 17:37:03.519196
CUST00569,60129.549999999996,5010.795833333333,5,7.0,,,100000,31.0,28-08-2025,1.0,2.0,2025-07-29 16:03:03.519196
CUST00570,41859.46,4185.946,8,2.0,4.0,43.1475,100000,14.000000000000002,30-07-2025,,,
CUST00571,46810.29,4681.029,4,6.0,2.0,55.895,50000,22.0,23-08-2025,2.0,4.0,2025-07-28 23:44:03.519196
CUST00572,47967.549999999996,4360.686363636363,4,7.0,1.0,39.32,200000,41.0,03-08-2025,2.0,3.0,2025-07-28 07:21:03.519196
CUST00573,26747.64,3821.0914285714284,2,5.0,4.0,67.0675,50000,97.0,06-08-2025,,,
CUST00574,64108.3,5342.358333333334,8,4.0,1.0,68.88,200000,19.0,02-08-2025,1.0,2.0,2025-07-27 02:01:03.519196
CUST00575,51891.4,6486.425,4,4.0,2.0,64.53,200000,73.0,16-08-2025,2.0,3.0,2025-07-29 17:10:03.519196
CUST00576,103196.58,6879.772,6,9.0,3.0,82.04,200000,79.0,12-08-2025,1.0,2.0,2025-07-28 19:02:03.519196
CUST00577,57949.66,5794.966,5,5.0,3.0,73.96333333333332,100000,50.0,19-08-2025,2.0,5.0,2025-07-28 17:33:03.519196
CUST00578,50524.83,5613.87,5,4.0,3.0,44.52,100000,80.0,12-08-2025,,,
CUST00579,64912.6,5409.383333333333,3,9.0,1.0,6.72,50000,81.0,27-08-2025,2.0,5.0,2025-07-29 09:55:03.519196
CUST00580,39241.62,4360.18,6,3.0,3.0,71.64,200000,31.0,27-08-2025,,,
CUST00581,42182.28,5272.785,6,2.0,4.0,45.105,100000,55.00000000000001,15-08-2025,1.0,3.0,2025-07-29 00:48:03.519196
CUST00582,67578.22,5198.324615384616,7,6.0,3.0,51.693333333333335,100000,68.0,05-08-2025,2.0,4.0,2025-07-29 12:54:03.519196
CUST00583,31283.54,4469.077142857143,4,3.0,1.0,19.08,200000,38.0,07-08-2025,1.0,2.0,2025-07-25 16:14:03.519196
CUST00584,57499.49,7187.43625,2,6.0,4.0,65.235,200000,33.0,18-08-2025,,,
CUST00585,52475.66,3748.261428571429,10,4.0,1.0,85.19,50000,89.0,18-08-2025,1.0,2.0,2025-07-28 04:21:03.520190
CUST00586,40100.07,4010.007,3,7.0,4.0,81.505,50000,80.0,23-08-2025,1.0,1.0,2025-07-27 12:31:03.520190
CUST00587,50766.909999999996,6345.8637499999995,5,3.0,,,50000,28.000000000000004,14-08-2025,,,
CUST00588,51193.97,4653.9972727272725,4,7.0,3.0,29.05,200000,84.0,30-07-2025,,,
CUST00589,16932.98,3386.596,2,3.0,1.0,28.41,50000,61.0,09-08-2025,,,
CUST00590,59050.51,5368.228181818182,3,8.0,4.0,83.0075,100000,30.0,03-08-2025,1.0,3.0,2025-07-27 22:53:03.520190
CUST00591,60885.149999999994,6088.514999999999,5,5.0,2.0,66.22500000000001,100000,6.0,27-08-2025,2.0,3.0,2025-07-28 08:25:03.520190
CUST00592,47668.32,5296.48,2,7.0,4.0,40.6875,50000,53.0,20-08-2025,1.0,2.0,2025-07-29 03:26:03.520190
CUST00593,74524.79,5323.199285714285,8,6.0,1.0,109.08,100000,78.0,14-08-2025,2.0,3.0,2025-07-27 17:05:03.520190
CUST00594,24592.57,4918.514,2,3.0,3.0,42.39333333333333,100000,42.0,30-07-2025,1.0,2.0,2025-07-29 07:22:03.520190
CUST00595,46847.73,4684.773,4,6.0,,,200000,24.0,14-08-2025,,,
CUST00596,34955.32,5825.886666666666,5,1.0,2.0,55.235,200000,90.0,25-08-2025,2.0,3.0,2025-07-29 11:49:03.520190
CUST00597,35959.41,7191.8820000000005,2,3.0,3.0,58.89333333333334,100000,45.0,18-08-2025,1.0,3.0,2025-07-27 19:23:03.520190
CUST00598,31690.98,3961.3725,3,5.0,2.0,84.035,200000,69.0,30-07-2025,1.0,2.0,2025-07-28 11:02:03.520190
CUST00599,39343.38,6557.23,4,2.0,3.0,75.43333333333334,50000,74.0,31-07-2025,,,
CUST00600,74152.47,5296.6050000000005,6,8.0,3.0,97.43666666666667,100000,84.0,18-08-2025,3.0,6.0,2025-07-29 13:14:03.520190
CUST00601,43135.2,5391.9,3,5.0,1.0,117.53,200000,70.0,14-08-2025,2.0,5.0,2025-07-28 21:38:03.520190
CUST00602,41645.479999999996,5205.6849999999995,2,6.0,3.0,74.75333333333333,100000,44.0,11-08-2025,1.0,3.0,2025-07-29 04:43:03.520190
CUST00603,64355.02,4950.386153846153,4,9.0,4.0,61.8475,200000,45.0,20-08-2025,1.0,3.0,2025-07-29 11:56:03.520190
CUST00604,52288.05,5809.783333333334,7,2.0,2.0,73.775,50000,94.0,05-08-2025,,,
CUST00605,42904.59,4767.176666666666,5,4.0,3.0,95.83,200000,25.0,01-08-2025,1.0,3.0,2025-07-25 12:46:03.520190
CUST00606,70040.85,6367.35,7,4.0,2.0,82.05000000000001,100000,30.0,04-08-2025,1.0,2.0,2025-07-28 22:47:03.520190
CUST00607,65016.11,4334.407333333334,6,9.0,2.0,70.545,50000,12.0,03-08-2025,,,
CUST00608,45609.04,4560.904,5,5.0,3.0,46.473333333333336,200000,19.0,04-08-2025,2.0,4.0,2025-07-29 17:45:03.521190
CUST00609,32593.7,3621.5222222222224,4,5.0,1.0,13.64,200000,33.0,14-08-2025,1.0,3.0,2025-07-27 14:39:03.521190
CUST00610,70479.79,5034.270714285713,8,6.0,4.0,35.262499999999996,200000,76.0,04-08-2025,2.0,4.0,2025-07-27 07:48:03.521190
CUST00611,42811.73,4756.858888888889,3,6.0,,,100000,77.0,14-08-2025,,,
CUST00612,75161.23,7516.123,4,6.0,,,200000,83.0,20-08-2025,,,
CUST00613,66355.57,5529.630833333334,8,4.0,2.0,42.37,100000,86.0,18-08-2025,,,
CUST00614,16908.08,3381.6160000000004,4,1.0,4.0,57.7025,100000,96.0,10-08-2025,,,
CUST00615,49040.82,4904.082,5,5.0,2.0,57.545,200000,13.0,14-08-2025,1.0,2.0,2025-07-26 23:34:03.521190
CUST00616,26170.510000000002,5234.102000000001,3,2.0,3.0,70.38333333333333,100000,91.0,19-08-2025,2.0,5.0,2025-07-29 17:02:03.521190
CUST00617,58833.35,5348.486363636363,6,5.0,,,100000,48.0,10-08-2025,2.0,4.0,2025-07-29 13:44:03.521190
CUST00618,81010.42,6750.868333333333,5,7.0,3.0,41.88666666666666,200000,95.0,03-08-2025,1.0,3.0,2025-07-28 22:04:03.521190
CUST00619,90020.2,6001.346666666666,8,7.0,3.0,48.46,50000,62.0,16-08-2025,,,
CUST00620,80718.75,6209.134615384615,10,3.0,3.0,74.49333333333334,50000,95.0,15-08-2025,1.0,3.0,2025-07-29 14:27:03.521190
CUST00621,32313.28,5385.546666666666,2,4.0,,,100000,46.0,13-08-2025,1.0,2.0,2025-07-27 02:56:03.521190
CUST00622,49633.14,5514.793333333333,6,3.0,1.0,12.7,50000,28.999999999999996,15-08-2025,,,
CUST00623,65145.43,5011.186923076923,6,7.0,1.0,54.01,100000,71.0,28-08-2025,1.0,3.0,2025-07-29 07:36:03.521190
CUST00624,58316.009999999995,5831.601,8,2.0,,,200000,8.0,28-08-2025,1.0,3.0,2025-07-29 15:08:03.521190
CUST00625,37516.340000000004,3751.6340000000005,6,4.0,3.0,78.98,200000,46.0,08-08-2025,2.0,4.0,2025-07-29 09:43:03.521190
CUST00626,46319.43,4631.943,6,4.0,1.0,106.77,200000,13.0,25-08-2025,,,
CUST00627,36302.92,6050.486666666667,3,3.0,4.0,73.4575,50000,92.0,09-08-2025,1.0,2.0,2025-07-28 18:48:03.521190
CUST00628,47692.15,5961.51875,2,6.0,2.0,106.91,100000,36.0,30-07-2025,2.0,3.0,2025-07-29 11:06:03.521190
CUST00629,41637.95,5204.74375,2,6.0,4.0,91.27000000000001,200000,42.0,19-08-2025,1.0,3.0,2025-07-29 03:06:03.521190
CUST00630,22906.18,3817.6966666666667,3,3.0,1.0,102.05,50000,28.000000000000004,14-08-2025,,,
CUST00631,38909.58,4863.6975,3,5.0,3.0,48.276666666666664,200000,8.0,16-08-2025,3.0,5.0,2025-07-28 23:00:03.522188
CUST00632,45531.34,4553.134,9,1.0,4.0,46.32,100000,56.00000000000001,21-08-2025,,,
CUST00633,20925.02,3487.5033333333336,4,2.0,,,200000,42.0,18-08-2025,2.0,4.0,2025-07-28 17:10:03.522188
CUST00634,38265.67,4783.20875,2,6.0,3.0,57.56333333333333,100000,41.0,12-08-2025,3.0,5.0,2025-07-29 15:01:03.522188
CUST00635,30097.25,6019.45,1,4.0,3.0,48.300000000000004,200000,31.0,05-08-2025,1.0,1.0,2025-07-27 09:41:03.522188
CUST00636,17431.14,3486.228,3,2.0,3.0,65.38666666666667,50000,69.0,11-08-2025,1.0,3.0,2025-07-27 05:42:03.522188
CUST00637,56504.77,5136.797272727273,4,7.0,3.0,80.12666666666667,50000,43.0,18-08-2025,,,
CUST00638,77875.39,5191.692666666667,13,2.0,2.0,53.585,200000,77.0,24-08-2025,,,
CUST00639,78538.04000000001,5609.860000000001,6,8.0,4.0,48.565,200000,27.0,24-08-2025,,,
CUST00640,58139.78,4472.290769230769,7,6.0,3.0,64.82000000000001,200000,32.0,16-08-2025,1.0,3.0,2025-07-26 07:11:03.522188
CUST00641,27546.34,3935.191428571429,5,2.0,,,200000,72.0,16-08-2025,,,
CUST00642,63818.39,4909.106923076923,5,8.0,,,100000,55.00000000000001,05-08-2025,1.0,2.0,2025-07-28 18:33:03.523194
CUST00643,64308.54,6430.854,5,5.0,1.0,104.88,100000,40.0,11-08-2025,,,
CUST00644,45377.31,6482.472857142857,2,5.0,,,100000,30.0,20-08-2025,2.0,4.0,2025-07-28 22:13:03.523194
CUST00645,56291.04,4690.92,5,7.0,2.0,93.47999999999999,200000,92.0,18-08-2025,,,
CUST00646,72801.26,4853.417333333333,6,9.0,,,100000,27.0,07-08-2025,2.0,5.0,2025-07-29 08:24:03.523194
CUST00647,49977.28,5553.031111111111,6,3.0,,,100000,74.0,17-08-2025,1.0,2.0,2025-07-28 10:03:03.523194
CUST00648,29497.41,5899.482,3,2.0,2.0,62.45,200000,94.0,25-08-2025,2.0,3.0,2025-07-28 21:26:03.523194
CUST00649,47376.37,4737.637000000001,5,5.0,1.0,23.79,200000,99.0,18-08-2025,1.0,3.0,2025-07-28 04:43:03.523194
CUST00650,23143.030000000002,4628.606000000001,1,4.0,,,100000,75.0,21-08-2025,2.0,4.0,2025-07-29 09:06:03.523194
CUST00651,37019.81,4113.312222222222,6,3.0,3.0,46.38,200000,95.0,27-08-2025,1.0,3.0,2025-07-28 14:32:03.523194
CUST00652,48544.8,6068.1,5,3.0,2.0,64.75999999999999,100000,23.0,25-08-2025,1.0,3.0,2025-07-29 03:52:03.523194
CUST00653,44646.79,4960.754444444445,4,5.0,,,50000,57.00000000000001,26-08-2025,2.0,4.0,2025-07-28 23:26:03.523194
CUST00654,36196.24,5170.891428571428,5,2.0,2.0,80.84,50000,5.0,30-07-2025,1.0,3.0,2025-07-28 16:44:03.523194
CUST00655,66840.70999999999,5141.593076923076,7,6.0,1.0,77.73,100000,7.000000000000001,24-08-2025,1.0,3.0,2025-07-27 10:40:03.524188
CUST00656,55971.549999999996,5088.322727272727,5,6.0,4.0,44.8,50000,86.0,19-08-2025,1.0,2.0,2025-07-28 04:08:03.524188
CUST00657,61650.23,4403.5878571428575,3,11.0,2.0,43.64,200000,46.0,08-08-2025,,,
CUST00658,76104.13,5073.608666666667,7,8.0,3.0,80.49333333333333,50000,45.0,20-08-2025,1.0,3.0,2025-07-28 10:35:03.524188
CUST00659,57106.130000000005,4758.844166666667,5,7.0,2.0,96.96,200000,60.00000000000001,09-08-2025,,,
CUST00660,50648.48,5627.608888888889,4,5.0,1.0,83.25,50000,76.0,11-08-2025,,,
CUST00661,50002.76,3846.366153846154,3,10.0,4.0,55.942499999999995,100000,60.00000000000001,07-08-2025,4.0,4.0,2025-07-29 13:03:03.524188
CUST00662,42949.52,5368.69,5,3.0,1.0,103.74,50000,44.0,07-08-2025,1.0,2.0,2025-07-28 06:38:03.524188
CUST00663,25678.6,5135.719999999999,2,3.0,1.0,107.31,200000,56.00000000000001,22-08-2025,,,
CUST00664,86662.31,5777.4873333333335,9,6.0,3.0,59.88333333333333,50000,24.0,21-08-2025,1.0,2.0,2025-07-29 04:16:03.524188
CUST00665,25932.36,5186.472,3,2.0,2.0,83.77,200000,9.0,03-08-2025,1.0,3.0,2025-07-29 01:13:03.524188
CUST00666,34543.31,4934.7585714285715,3,4.0,2.0,90.08500000000001,200000,26.0,03-08-2025,3.0,5.0,2025-07-29 13:25:03.524188
CUST00667,64511.1,4300.74,5,10.0,3.0,99.7,50000,90.0,04-08-2025,1.0,3.0,2025-07-29 15:13:03.524188
CUST00668,32111.86,5351.9766666666665,2,4.0,1.0,33.7,200000,78.0,05-08-2025,1.0,2.0,2025-07-29 08:26:03.524188
CUST00669,36645.75,6107.625,2,4.0,3.0,57.04666666666666,100000,6.0,07-08-2025,1.0,2.0,2025-07-29 08:52:03.524188
CUST00670,26991.63,2999.07,3,6.0,,,200000,71.0,21-08-2025,,,
CUST00671,60791.01,5526.455454545455,8,3.0,3.0,88.21333333333332,50000,35.0,08-08-2025,,,
CUST00672,35795.15,4474.39375,3,5.0,2.0,67.29,50000,42.0,02-08-2025,,,
CUST00673,78848.11,6065.239230769231,5,8.0,1.0,36.32,100000,37.0,10-08-2025,2.0,4.0,2025-07-29 12:20:03.524188
CUST00674,43067.39,7177.8983333333335,4,2.0,1.0,71.87,100000,21.0,20-08-2025,1.0,3.0,2025-07-29 11:42:03.525188
CUST00675,73129.84,6648.167272727273,3,8.0,3.0,91.75666666666666,200000,11.0,28-08-2025,3.0,5.0,2025-07-28 06:35:03.525188
CUST00676,72889.18000000001,5206.370000000001,8,6.0,3.0,53.65,100000,37.0,15-08-2025,4.0,6.0,2025-07-29 13:08:03.525188
CUST00677,39371.56,4921.445,5,3.0,3.0,44.79666666666666,200000,19.0,05-08-2025,,,
CUST00678,71302.17,5941.8475,6,6.0,1.0,43.36,200000,82.0,21-08-2025,,,
CUST00679,38800.619999999995,3880.0619999999994,5,5.0,2.0,0.62,200000,66.0,13-08-2025,,,
CUST00680,51152.5,5115.25,6,4.0,,,100000,88.0,20-08-2025,,,
CUST00681,15951.23,3190.246,1,4.0,3.0,52.376666666666665,100000,88.0,03-08-2025,1.0,3.0,2025-07-29 15:25:03.525188
CUST00682,52498.96,4374.913333333333,8,4.0,,,100000,57.00000000000001,03-08-2025,,,
CUST00683,71393.8,5949.483333333334,5,7.0,,,100000,97.0,17-08-2025,,,
CUST00684,40012.13,5001.51625,5,3.0,,,200000,10.0,28-08-2025,1.0,3.0,2025-07-28 23:24:03.525188
CUST00685,39461.1,5637.3,6,1.0,3.0,62.160000000000004,200000,60.00000000000001,08-08-2025,1.0,2.0,2025-07-24 11:23:03.525188
CUST00686,28408.54,4058.362857142857,6,1.0,3.0,74.86,200000,69.0,06-08-2025,2.0,4.0,2025-07-29 17:21:03.525188
CUST00687,76343.96,5453.14,7,7.0,,,200000,81.0,17-08-2025,1.0,3.0,2025-07-28 10:37:03.525188
CUST00688,40375.32,4037.532,1,9.0,1.0,51.68,200000,48.0,08-08-2025,,,
CUST00689,25301.260000000002,5060.252,2,3.0,1.0,87.72,100000,70.0,12-08-2025,1.0,3.0,2025-07-27 07:48:03.525188
CUST00690,43470.729999999996,4830.081111111111,4,5.0,2.0,46.214999999999996,100000,22.0,30-07-2025,2.0,3.0,2025-07-27 17:15:03.525188
CUST00691,23089.530000000002,4617.906000000001,2,3.0,4.0,54.34,50000,40.0,26-08-2025,1.0,3.0,2025-07-26 16:05:03.525188
CUST00692,49398.229999999996,7056.889999999999,3,4.0,2.0,12.99,200000,21.0,11-08-2025,,,
CUST00693,50868.399999999994,5652.044444444444,5,4.0,4.0,69.705,100000,76.0,07-08-2025,3.0,5.0,2025-07-29 03:49:03.525188
CUST00694,28974.7,4139.242857142857,1,6.0,4.0,68.7175,100000,16.0,02-08-2025,,,
CUST00695,25190.22,5038.044,3,2.0,,,50000,38.0,14-08-2025,,,
CUST00696,47849.54,5316.615555555556,4,5.0,4.0,27.6475,50000,16.0,31-07-2025,2.0,5.0,2025-07-29 00:18:03.526189
CUST00697,47541.170000000006,6791.595714285715,4,3.0,4.0,49.835,200000,11.0,25-08-2025,,,
CUST00698,74288.5,4952.566666666667,11,4.0,,,200000,60.00000000000001,01-08-2025,1.0,3.0,2025-07-28 10:09:03.526189
CUST00699,40021.19,4002.119,3,7.0,2.0,97.895,50000,23.0,09-08-2025,2.0,5.0,2025-07-29 15:40:03.526189
CUST00700,34369.83,4909.975714285714,4,3.0,4.0,76.6,50000,87.0,18-08-2025,,,
CUST00701,51805.89,4709.626363636364,5,6.0,3.0,84.22666666666667,100000,70.0,23-08-2025,1.0,3.0,2025-07-28 15:59:03.526189
CUST00702,56667.54,7083.4425,7,1.0,4.0,31.1675,100000,47.0,26-08-2025,1.0,3.0,2025-07-27 16:39:03.526189
CUST00703,75004.6,5769.584615384616,5,8.0,2.0,75.715,100000,93.0,02-08-2025,1.0,3.0,2025-07-24 13:22:03.526189
CUST00704,47779.61,3981.6341666666667,8,4.0,4.0,45.2825,200000,8.0,08-08-2025,,,
CUST00705,43688.35,5461.04375,5,3.0,,,200000,20.0,27-08-2025,,,
CUST00706,25493.63,4248.9383333333335,4,2.0,3.0,76.21666666666667,50000,64.0,13-08-2025,2.0,4.0,2025-07-28 13:13:03.526189
CUST00707,22421.93,4484.386,3,2.0,2.0,74.89,50000,40.0,02-08-2025,2.0,6.0,2025-07-28 19:09:03.526189
CUST00708,90207.93,6013.861999999999,9,6.0,3.0,43.169999999999995,100000,20.0,13-08-2025,1.0,3.0,2025-07-27 19:36:03.526189
CUST00709,58027.34,5802.7339999999995,3,7.0,,,100000,56.00000000000001,20-08-2025,1.0,3.0,2025-07-29 04:30:03.526189
CUST00710,26908.260000000002,3844.037142857143,2,5.0,,,50000,91.0,20-08-2025,3.0,6.0,2025-07-29 08:06:03.526189
CUST00711,61547.55,4103.17,9,6.0,1.0,118.09,200000,82.0,06-08-2025,2.0,4.0,2025-07-29 14:06:03.526189
CUST00712,50144.2,5014.42,4,6.0,1.0,91.77,100000,35.0,21-08-2025,1.0,2.0,2025-07-26 15:25:03.526189
CUST00713,72225.63,5158.973571428572,4,10.0,2.0,80.525,100000,76.0,20-08-2025,1.0,2.0,2025-07-26 17:28:03.526189
CUST00714,15294.84,3058.968,2,3.0,3.0,57.56666666666666,200000,61.0,26-08-2025,,,
CUST00715,46543.19,4231.199090909091,7,4.0,4.0,84.495,50000,89.0,28-08-2025,1.0,3.0,2025-07-29 03:56:03.527186
CUST00716,70186.73,4679.115333333333,8,7.0,2.0,61.985,50000,96.0,03-08-2025,3.0,6.0,2025-07-28 07:53:03.527186
CUST00717,41045.89,4560.654444444444,3,6.0,3.0,83.11999999999999,100000,8.0,22-08-2025,,,
CUST00718,39545.16,7909.032000000001,2,3.0,4.0,82.0575,50000,98.0,21-08-2025,3.0,5.0,2025-07-28 15:25:03.527186
CUST00719,65032.19,5002.476153846154,10,3.0,2.0,57.985,100000,62.0,15-08-2025,1.0,3.0,2025-07-27 21:21:03.527186
CUST00720,55826.49,3987.6064285714283,6,8.0,4.0,35.9375,100000,32.0,10-08-2025,1.0,3.0,2025-07-27 00:21:03.527186
CUST00721,44174.57,4417.457,4,6.0,2.0,80.95,100000,75.0,19-08-2025,1.0,2.0,2025-07-28 15:10:03.527186
CUST00722,73841.25,5274.375,7,7.0,1.0,91.13,100000,27.0,26-08-2025,2.0,5.0,2025-07-27 11:14:03.527186
CUST00723,60092.18,6009.218,4,6.0,3.0,25.653333333333332,50000,91.0,04-08-2025,,,
CUST00724,65307.96,5023.689230769231,5,8.0,,,200000,63.0,03-08-2025,1.0,3.0,2025-07-28 13:53:03.527186
CUST00725,26429.89,5285.978,2,3.0,,,100000,8.0,30-07-2025,,,
CUST00726,59785.77,4598.905384615385,9,4.0,3.0,39.973333333333336,200000,46.0,18-08-2025,,,
CUST00727,29977.96,4996.326666666667,5,1.0,,,200000,14.000000000000002,10-08-2025,3.0,5.0,2025-07-29 08:04:03.527186
CUST00728,30982.82,6196.564,0,5.0,2.0,37.61,200000,56.00000000000001,23-08-2025,1.0,2.0,2025-07-26 05:53:03.527186
CUST00729,31210.47,3467.83,3,6.0,,,200000,98.0,10-08-2025,,,
CUST00730,50833.92,5083.392,4,6.0,,,100000,74.0,11-08-2025,1.0,3.0,2025-07-27 17:32:03.527186
CUST00731,94487.09,6299.1393333333335,8,7.0,3.0,84.38,50000,40.0,03-08-2025,2.0,4.0,2025-07-29 04:30:03.527186
CUST00732,75046.21,5360.443571428572,7,7.0,3.0,72.61666666666667,50000,18.0,20-08-2025,1.0,3.0,2025-07-29 06:05:03.527186
CUST00733,51688.93,5743.214444444445,4,5.0,1.0,40.64,50000,42.0,30-07-2025,2.0,4.0,2025-07-29 13:48:03.527186
CUST00734,17009.36,3401.8720000000003,5,0.0,1.0,88.73,200000,18.0,24-08-2025,1.0,2.0,2025-07-29 04:56:03.528188
CUST00735,47738.99,4339.908181818181,5,6.0,4.0,58.8575,200000,20.0,25-08-2025,2.0,4.0,2025-07-28 00:01:03.528188
CUST00736,47993.56,5332.6177777777775,4,5.0,,,50000,43.0,16-08-2025,,,
CUST00737,37900.76,4737.595,5,3.0,1.0,21.5,200000,20.0,01-08-2025,,,
CUST00738,40612.78,5076.5975,3,5.0,4.0,53.315,100000,61.0,01-08-2025,2.0,4.0,2025-07-29 13:58:03.528188
CUST00739,66517.08,5116.698461538462,7,6.0,3.0,91.53333333333335,100000,49.0,15-08-2025,,,
CUST00740,54835.97,4569.6641666666665,3,9.0,1.0,69.82,200000,98.0,10-08-2025,1.0,2.0,2025-07-26 03:35:03.528188
CUST00741,79664.56,5310.970666666666,10,5.0,3.0,52.73666666666667,50000,84.0,02-08-2025,1.0,3.0,2025-07-29 00:18:03.528188
CUST00742,77863.56,5561.682857142857,8,6.0,4.0,82.86500000000001,100000,57.99999999999999,10-08-2025,1.0,3.0,2025-07-28 19:11:03.528188
CUST00743,56221.27,5111.024545454545,6,5.0,,,100000,96.0,13-08-2025,1.0,2.0,2025-07-26 18:02:03.528188
CUST00744,45018.62,3215.6157142857146,7,7.0,1.0,89.19,100000,16.0,05-08-2025,1.0,3.0,2025-07-26 05:17:03.528188
CUST00745,54108.63,5410.862999999999,4,6.0,4.0,46.9525,100000,52.0,20-08-2025,,,
CUST00746,44203.76,5525.47,2,6.0,,,100000,30.0,26-08-2025,2.0,5.0,2025-07-29 11:50:03.528188
CUST00747,64686.39,4975.876153846154,6,7.0,3.0,60.919999999999995,200000,62.0,25-08-2025,,,
CUST00748,37531.69,6255.281666666667,2,4.0,3.0,91.18333333333334,100000,75.0,01-08-2025,1.0,2.0,2025-07-29 00:14:03.529187
CUST00749,83523.85,5965.989285714286,12,2.0,4.0,83.63,200000,57.00000000000001,10-08-2025,,,
CUST00750,71106.39,5469.722307692307,4,9.0,3.0,67.81666666666666,200000,44.0,04-08-2025,,,
CUST00751,71898.75,5991.5625,5,7.0,3.0,82.76333333333334,100000,28.999999999999996,22-08-2025,1.0,3.0,2025-07-29 08:24:03.529187
CUST00752,46922.07,5865.25875,4,4.0,3.0,86.08999999999999,100000,57.00000000000001,28-08-2025,1.0,2.0,2025-07-29 10:25:03.529187
CUST00753,38451.19,4272.354444444445,3,6.0,4.0,49.47,100000,96.0,01-08-2025,,,
CUST00754,38358.99,3835.899,5,5.0,1.0,69.75,100000,80.0,02-08-2025,,,
CUST00755,28195.329999999998,5639.066,1,4.0,,,200000,57.99999999999999,03-08-2025,,,
CUST00756,78804.56,6567.046666666666,5,7.0,2.0,103.975,50000,78.0,26-08-2025,1.0,2.0,2025-07-29 07:05:03.529187
CUST00757,53003.03,5889.225555555556,7,2.0,1.0,11.78,200000,34.0,13-08-2025,,,
CUST00758,35501.33,3944.5922222222225,5,4.0,4.0,70.155,100000,92.0,18-08-2025,1.0,3.0,2025-07-29 02:15:03.529187
CUST00759,52602.02,4383.501666666666,2,10.0,1.0,3.17,200000,13.0,13-08-2025,1.0,3.0,2025-07-29 02:09:03.529187
CUST00760,28599.34,4766.556666666666,2,4.0,2.0,92.605,100000,44.0,05-08-2025,,,
CUST00761,50702.62,4609.329090909091,4,7.0,4.0,66.7025,100000,33.0,14-08-2025,,,
CUST00762,62127.75,5177.3125,4,8.0,,,50000,30.0,01-08-2025,2.0,4.0,2025-07-29 06:58:03.529187
CUST00763,43098.76,4309.876,5,5.0,,,50000,85.0,09-08-2025,2.0,4.0,2025-07-29 11:07:03.529187
CUST00764,44682.14,4468.214,5,5.0,1.0,57.55,100000,59.0,26-08-2025,1.0,2.0,2025-07-27 13:25:03.530188
CUST00765,18582.61,3097.101666666667,3,3.0,,,50000,48.0,05-08-2025,,,
CUST00766,40828.79,5103.59875,5,3.0,4.0,49.6725,50000,10.0,10-08-2025,1.0,3.0,2025-07-25 11:00:03.530188
CUST00767,67435.04,4495.669333333333,7,8.0,2.0,62.71,50000,43.0,10-08-2025,1.0,3.0,2025-07-29 08:40:03.530188
CUST00768,95338.7,6355.913333333333,7,8.0,3.0,69.37666666666667,100000,54.0,12-08-2025,,,
CUST00769,67344.12,4489.607999999999,2,13.0,3.0,71.80333333333333,200000,95.0,18-08-2025,,,
CUST00770,33434.91,4776.415714285715,3,4.0,4.0,60.86,100000,28.999999999999996,03-08-2025,2.0,3.0,2025-07-28 23:49:03.530188
CUST00771,80920.96,5394.730666666667,10,5.0,1.0,82.77,100000,92.0,10-08-2025,1.0,3.0,2025-07-24 07:16:03.530188
CUST00772,17751.33,2958.5550000000003,3,3.0,1.0,42.52,100000,34.0,24-08-2025,,,
CUST00773,80739.12,5382.607999999999,10,5.0,,,200000,47.0,12-08-2025,,,
CUST00774,27938.06,4656.343333333333,2,4.0,3.0,66.92999999999999,200000,63.0,19-08-2025,,,
CUST00775,21143.98,4228.796,5,0.0,1.0,30.91,200000,6.0,07-08-2025,,,
CUST00776,90873.48,6058.232,7,8.0,1.0,35.54,200000,19.0,22-08-2025,2.0,5.0,2025-07-27 20:20:03.530188
CUST00777,55854.8,4654.566666666667,4,8.0,1.0,30.8,200000,15.0,20-08-2025,2.0,5.0,2025-07-28 16:15:03.530188
CUST00778,39338.08,4917.26,6,2.0,4.0,48.1775,50000,26.0,02-08-2025,,,
CUST00779,72118.52,5151.322857142857,8,6.0,2.0,54.019999999999996,100000,8.0,15-08-2025,1.0,3.0,2025-07-28 20:23:03.530188
CUST00780,47459.84,5273.315555555555,4,5.0,4.0,64.4925,200000,95.0,08-08-2025,,,
CUST00781,34121.99,3412.1989999999996,3,7.0,,,50000,48.0,02-08-2025,1.0,3.0,2025-07-25 19:02:03.530188
CUST00782,57207.03,4400.540769230769,7,6.0,,,50000,68.0,20-08-2025,1.0,3.0,2025-07-29 10:00:03.530188
CUST00783,69297.34,6929.7339999999995,5,5.0,3.0,57.843333333333334,200000,90.0,08-08-2025,,,
CUST00784,26610.79,5322.158,3,2.0,1.0,33.87,200000,42.0,06-08-2025,2.0,4.0,2025-07-29 15:41:03.530188
CUST00785,92866.14,6191.076,8,7.0,1.0,90.4,50000,88.0,10-08-2025,,,
CUST00786,67778.69,6777.869000000001,4,6.0,3.0,56.28666666666667,100000,59.0,11-08-2025,,,
CUST00787,52724.740000000005,5272.474,4,6.0,3.0,38.223333333333336,200000,31.0,09-08-2025,2.0,4.0,2025-07-28 05:52:03.530188
CUST00788,68276.11,4876.865,4,10.0,3.0,58.873333333333335,100000,98.0,27-08-2025,3.0,5.0,2025-07-29 07:04:03.531195
CUST00789,27487.12,5497.424,3,2.0,1.0,44.08,200000,38.0,07-08-2025,1.0,3.0,2025-07-29 13:40:03.531195
CUST00790,51255.53,5695.058888888889,5,4.0,,,100000,95.0,28-08-2025,3.0,5.0,2025-07-29 06:25:03.531195
CUST00791,58280.53,7285.06625,1,7.0,,,50000,74.0,14-08-2025,1.0,2.0,2025-07-27 14:43:03.531195
CUST00792,37971.32,5424.4742857142855,2,5.0,3.0,49.57333333333333,200000,5.0,11-08-2025,,,
CUST00793,64885.2,4991.16923076923,2,11.0,2.0,97.50999999999999,50000,51.0,31-07-2025,,,
CUST00794,43243.05,4804.783333333334,1,8.0,4.0,65.47,100000,7.000000000000001,15-08-2025,1.0,1.0,2025-07-28 06:40:03.531195
CUST00795,34787.23,3865.247777777778,2,7.0,1.0,100.91,50000,47.0,08-08-2025,2.0,3.0,2025-07-29 15:09:03.531195
CUST00796,81854.48,6821.206666666666,6,6.0,,,50000,15.0,20-08-2025,2.0,3.0,2025-07-28 00:41:03.531195
CUST00797,26414.68,4402.446666666667,5,1.0,3.0,27.91333333333333,200000,65.0,01-08-2025,1.0,2.0,2025-07-28 19:11:03.531195
CUST00798,16134.52,3226.904,4,1.0,2.0,65.67,200000,71.0,11-08-2025,,,
CUST00799,42448.45,5306.05625,4,4.0,2.0,51.765,100000,23.0,14-08-2025,,,
CUST00800,81742.16,5449.477333333333,8,7.0,1.0,58.79,50000,55.00000000000001,19-08-2025,,,
CUST00801,40807.380000000005,5100.922500000001,4,4.0,3.0,38.300000000000004,100000,52.0,04-08-2025,1.0,3.0,2025-07-26 19:22:03.531195
CUST00802,35706.200000000004,5100.885714285715,3,4.0,,,200000,80.0,02-08-2025,1.0,2.0,2025-07-26 11:05:03.531195
CUST00803,55387.1,6923.3875,4,4.0,,,100000,57.99999999999999,11-08-2025,1.0,3.0,2025-07-28 08:03:03.531195
CUST00804,22800.82,4560.164,4,1.0,3.0,62.5,200000,97.0,04-08-2025,2.0,3.0,2025-07-29 17:34:03.531195
CUST00805,46158.44,4196.221818181818,5,6.0,3.0,59.04999999999999,200000,53.0,19-08-2025,4.0,5.0,2025-07-28 18:13:03.531195
CUST00806,33378.25,3337.825,5,5.0,1.0,1.49,50000,67.0,07-08-2025,,,
CUST00807,44393.590000000004,5549.1987500000005,3,5.0,1.0,6.83,100000,54.0,10-08-2025,,,
CUST00808,28327.68,4046.8114285714287,3,4.0,2.0,97.28999999999999,200000,8.0,26-08-2025,2.0,4.0,2025-07-29 04:02:03.531195
CUST00809,41872.979999999996,6978.829999999999,4,2.0,4.0,80.2375,50000,16.0,08-08-2025,,,
CUST00810,21628.07,4325.614,2,3.0,3.0,47.86666666666667,50000,76.0,20-08-2025,,,
CUST00811,74134.56,4942.304,12,3.0,1.0,44.43,100000,59.0,17-08-2025,,,
CUST00812,29166.929999999997,4861.155,2,4.0,2.0,73.185,200000,61.0,20-08-2025,,,
CUST00813,32954.840000000004,5492.473333333334,2,4.0,3.0,74.52,50000,57.99999999999999,07-08-2025,,,
CUST00814,27806.29,4634.381666666667,2,4.0,4.0,32.3975,100000,56.00000000000001,25-08-2025,,,
CUST00815,28649.35,4092.7642857142855,6,1.0,,,50000,81.0,13-08-2025,,,
CUST00816,66474.09,6647.409,4,6.0,4.0,47.7775,200000,48.0,06-08-2025,2.0,4.0,2025-07-28 21:36:03.532194
CUST00817,40333.79,5041.72375,5,3.0,1.0,76.29,200000,56.00000000000001,02-08-2025,1.0,3.0,2025-07-26 17:02:03.532194
CUST00818,32535.769999999997,4066.9712499999996,2,6.0,4.0,50.19,50000,13.0,28-08-2025,1.0,2.0,2025-07-25 02:58:03.532194
CUST00819,41031.48,4559.053333333333,5,4.0,,,100000,63.0,15-08-2025,2.0,5.0,2025-07-28 18:55:03.532194
CUST00820,52268.53,5807.614444444444,7,2.0,4.0,74.3775,200000,39.0,18-08-2025,2.0,3.0,2025-07-29 08:04:03.532194
CUST00821,68540.64,6230.967272727273,6,5.0,,,200000,68.0,22-08-2025,1.0,2.0,2025-07-26 18:12:03.532194
CUST00822,92843.11,6631.6507142857145,9,5.0,4.0,52.644999999999996,50000,30.0,11-08-2025,2.0,4.0,2025-07-27 13:56:03.532194
CUST00823,71429.13,5494.548461538462,10,3.0,,,200000,64.0,07-08-2025,1.0,2.0,2025-07-29 17:42:03.532194
CUST00824,57148.0,5714.8,5,5.0,4.0,70.675,50000,17.0,05-08-2025,1.0,3.0,2025-07-29 07:36:03.532194
CUST00825,89226.33,6373.309285714286,11,3.0,1.0,23.25,100000,41.0,14-08-2025,,,
CUST00826,30485.45,5080.908333333334,4,2.0,2.0,80.745,50000,21.0,26-08-2025,,,
CUST00827,89388.12,5959.208,8,7.0,4.0,26.697499999999998,100000,46.0,07-08-2025,,,
CUST00828,62789.61,6278.961,8,2.0,1.0,10.17,50000,91.0,05-08-2025,1.0,2.0,2025-07-26 00:22:03.533198
CUST00829,56891.95,5171.995454545454,5,6.0,4.0,57.6525,100000,35.0,27-08-2025,1.0,3.0,2025-07-29 15:47:03.533198
CUST00830,21674.04,3612.34,4,2.0,2.0,61.394999999999996,200000,39.0,21-08-2025,1.0,2.0,2025-07-28 07:16:03.533198
CUST00831,36589.71,4065.523333333333,6,3.0,2.0,32.765,100000,13.0,20-08-2025,2.0,4.0,2025-07-29 08:09:03.533198
CUST00832,53808.99,4891.726363636363,8,3.0,4.0,61.645,50000,26.0,20-08-2025,2.0,5.0,2025-07-26 10:07:03.533198
CUST00833,23488.63,4697.726000000001,2,3.0,,,200000,65.0,12-08-2025,1.0,3.0,2025-07-28 21:37:03.533198
CUST00834,64754.8,4625.342857142858,8,6.0,3.0,64.43333333333334,100000,75.0,14-08-2025,1.0,2.0,2025-07-26 09:21:03.533198
CUST00835,91977.27,6131.818,7,8.0,3.0,46.57666666666666,200000,28.999999999999996,28-08-2025,,,
CUST00836,59597.26,4256.947142857143,8,6.0,4.0,48.9025,50000,86.0,14-08-2025,,,
CUST00837,42713.85,4271.385,5,5.0,1.0,3.59,200000,9.0,07-08-2025,1.0,3.0,2025-07-27 01:53:03.533198
CUST00838,20080.52,4016.1040000000003,2,3.0,3.0,83.86,200000,81.0,03-08-2025,2.0,4.0,2025-07-29 13:15:03.533198
CUST00839,44932.16,5616.52,5,3.0,2.0,45.404999999999994,100000,72.0,01-08-2025,2.0,4.0,2025-07-27 22:59:03.533198
CUST00840,87452.94,5830.196,6,9.0,,,50000,76.0,05-08-2025,,,
CUST00841,26418.19,5283.638,4,1.0,3.0,56.82666666666666,200000,40.0,20-08-2025,1.0,2.0,2025-07-27 23:36:03.533198
CUST00842,24853.26,4142.21,1,5.0,,,100000,10.0,31-07-2025,2.0,4.0,2025-07-29 09:11:03.533198
CUST00843,51881.520000000004,6485.1900000000005,2,6.0,,,100000,96.0,17-08-2025,2.0,4.0,2025-07-29 09:12:03.533198
CUST00844,58246.82,4480.524615384616,11,2.0,,,50000,10.0,01-08-2025,,,
CUST00845,52139.729999999996,5213.973,7,3.0,4.0,66.6775,100000,9.0,19-08-2025,1.0,3.0,2025-07-29 04:19:03.533198
CUST00846,89929.73000000001,6423.552142857144,7,7.0,,,200000,28.000000000000004,28-08-2025,2.0,5.0,2025-07-28 22:56:03.533198
CUST00847,48450.83,5383.425555555556,3,6.0,2.0,41.16,50000,32.0,15-08-2025,,,
CUST00848,44660.12,4060.0109090909095,6,5.0,1.0,105.53,50000,36.0,31-07-2025,2.0,4.0,2025-07-28 01:40:03.533198
CUST00849,65583.29,4684.520714285713,8,6.0,2.0,12.06,200000,17.0,22-08-2025,,,
CUST00850,82386.76,5492.450666666667,7,8.0,4.0,49.4675,50000,25.0,14-08-2025,1.0,2.0,2025-07-26 00:28:03.534195
CUST00851,50386.3,4198.858333333334,5,7.0,1.0,93.2,50000,71.0,31-07-2025,2.0,5.0,2025-07-28 17:44:03.534195
CUST00852,39308.86,5615.551428571429,3,4.0,1.0,40.73,50000,68.0,01-08-2025,,,
CUST00853,54172.17,5417.217,4,6.0,2.0,48.715,200000,40.0,11-08-2025,,,
CUST00854,51106.92,4258.91,5,7.0,2.0,67.57000000000001,50000,77.0,26-08-2025,1.0,2.0,2025-07-25 22:42:03.534195
CUST00855,47809.869999999995,5976.233749999999,3,5.0,,,200000,77.0,30-07-2025,1.0,3.0,2025-07-29 17:05:03.534195
CUST00856,60786.520000000004,5065.543333333334,4,8.0,,,50000,7.000000000000001,12-08-2025,,,
CUST00857,25523.61,4253.935,1,5.0,1.0,14.99,50000,73.0,08-08-2025,,,
CUST00858,29898.2,5979.64,3,2.0,,,200000,7.000000000000001,11-08-2025,1.0,2.0,2025-07-29 11:21:03.534195
CUST00859,62001.12,5636.465454545455,7,4.0,2.0,71.295,50000,35.0,28-08-2025,2.0,4.0,2025-07-28 12:39:03.534195
CUST00860,25545.6,4257.599999999999,5,1.0,,,50000,94.0,24-08-2025,,,
CUST00861,54448.15,7778.307142857143,2,5.0,4.0,84.2175,200000,79.0,13-08-2025,2.0,4.0,2025-07-29 10:20:03.534195
CUST00862,65246.93,5018.994615384616,7,6.0,3.0,68.58333333333333,200000,57.99999999999999,17-08-2025,1.0,1.0,2025-07-28 13:20:03.534195
CUST00863,41198.869999999995,5885.552857142857,3,4.0,1.0,77.9,50000,28.000000000000004,15-08-2025,5.0,6.0,2025-07-29 13:20:03.534195
CUST00864,35801.41,3254.673636363637,5,6.0,,,50000,80.0,14-08-2025,1.0,3.0,2025-07-28 19:01:03.534195
CUST00865,33465.47,4780.7814285714285,4,3.0,3.0,64.25,200000,78.0,17-08-2025,1.0,2.0,2025-07-27 03:55:03.534195
CUST00866,30269.76,6053.951999999999,2,3.0,4.0,48.78,50000,79.0,04-08-2025,,,
CUST00867,83473.11,5962.365,6,8.0,3.0,63.42333333333334,50000,50.0,11-08-2025,2.0,4.0,2025-07-27 18:28:03.534195
CUST00868,69895.31,5376.5623076923075,6,7.0,2.0,26.290000000000003,50000,30.0,22-08-2025,2.0,4.0,2025-07-27 20:32:03.534195
CUST00869,62236.7,5657.881818181818,7,4.0,3.0,93.93666666666667,100000,21.0,26-08-2025,2.0,3.0,2025-07-28 18:55:03.534195
CUST00870,77711.70999999999,5550.836428571428,6,8.0,4.0,65.2475,50000,28.999999999999996,20-08-2025,1.0,2.0,2025-07-28 16:43:03.534195
CUST00871,31575.96,5262.66,2,4.0,1.0,62.09,100000,79.0,16-08-2025,2.0,4.0,2025-07-29 10:58:03.534195
CUST00872,27357.56,5471.512000000001,1,4.0,3.0,49.44333333333333,50000,50.0,13-08-2025,1.0,3.0,2025-07-28 02:23:03.534195
CUST00873,39203.52,6533.919999999999,3,3.0,1.0,30.39,100000,81.0,10-08-2025,1.0,2.0,2025-07-26 09:36:03.535199
CUST00874,31843.85,4549.121428571429,5,2.0,,,50000,64.0,23-08-2025,3.0,6.0,2025-07-27 19:43:03.535199
CUST00875,24887.0,4147.833333333333,4,2.0,3.0,68.48333333333333,200000,63.0,26-08-2025,2.0,3.0,2025-07-29 05:45:03.535199
CUST00876,39630.159999999996,3963.0159999999996,2,8.0,1.0,48.28,200000,99.0,08-08-2025,1.0,3.0,2025-07-27 23:23:03.535199
CUST00877,76986.8,5922.0615384615385,4,9.0,3.0,81.01333333333334,50000,68.0,04-08-2025,,,
CUST00878,17402.19,3480.4379999999996,4,1.0,,,50000,59.0,03-08-2025,,,
CUST00879,38770.75,4307.861111111111,6,3.0,3.0,60.46,100000,30.0,19-08-2025,,,
CUST00880,33548.26,4193.5325,4,4.0,1.0,41.96,50000,98.0,11-08-2025,2.0,3.0,2025-07-29 06:32:03.535199
CUST00881,54389.97,4183.843846153846,5,8.0,,,200000,60.00000000000001,01-08-2025,,,
CUST00882,38336.52,4259.613333333333,4,5.0,2.0,17.56,200000,20.0,12-08-2025,,,
CUST00883,37298.340000000004,5328.334285714286,3,4.0,4.0,56.9925,200000,14.000000000000002,06-08-2025,,,
CUST00884,41810.43,4181.043,5,5.0,2.0,30.080000000000002,100000,70.0,24-08-2025,1.0,2.0,2025-07-26 20:06:03.535199
CUST00885,49984.03,4165.3358333333335,4,8.0,,,100000,30.0,12-08-2025,1.0,3.0,2025-07-27 16:56:03.535199
CUST00886,47078.25,4279.840909090909,6,5.0,4.0,60.525,100000,24.0,24-08-2025,1.0,3.0,2025-07-28 21:44:03.535199
CUST00887,42872.75,6124.678571428572,2,5.0,2.0,56.76,200000,83.0,27-08-2025,,,
CUST00888,53948.2,6743.525,6,2.0,2.0,28.755,50000,76.0,23-08-2025,1.0,2.0,2025-07-28 12:01:03.535199
CUST00889,48581.130000000005,4048.4275000000002,9,3.0,,,200000,22.0,16-08-2025,,,
CUST00890,58376.17,3891.7446666666665,8,7.0,,,50000,54.0,24-08-2025,2.0,4.0,2025-07-29 16:58:03.535199
CUST00891,26740.54,5348.108,3,2.0,3.0,54.85,50000,26.0,08-08-2025,2.0,5.0,2025-07-27 16:15:03.535199
CUST00892,51430.49,4285.8741666666665,6,6.0,4.0,30.485,200000,34.0,21-08-2025,2.0,3.0,2025-07-28 03:54:03.535199
CUST00893,33429.11,4178.63875,4,4.0,4.0,81.1475,50000,54.0,10-08-2025,,,
CUST00894,42936.72,6133.817142857143,3,4.0,1.0,49.53,50000,88.0,04-08-2025,,,
CUST00895,37340.84,5334.405714285714,4,3.0,1.0,100.54,50000,31.0,20-08-2025,1.0,3.0,2025-07-28 14:40:03.536194
CUST00896,50667.73,3619.1235714285717,10,4.0,4.0,76.21000000000001,200000,8.0,22-08-2025,3.0,4.0,2025-07-29 03:13:03.536194
CUST00897,41616.12,5202.015,5,3.0,1.0,14.46,200000,13.0,30-07-2025,2.0,4.0,2025-07-29 17:25:03.536194
CUST00898,31361.550000000003,5226.925,5,1.0,4.0,82.575,100000,31.0,21-08-2025,1.0,3.0,2025-07-25 09:26:03.536194
CUST00899,50535.93,4211.3275,7,5.0,3.0,15.299999999999999,50000,14.000000000000002,08-08-2025,,,
CUST00900,63114.73,4207.648666666667,9,6.0,1.0,72.38,50000,86.0,24-08-2025,,,
CUST00901,14185.84,2364.306666666667,4,2.0,3.0,44.73666666666667,50000,38.0,19-08-2025,1.0,3.0,2025-07-28 03:38:03.536194
CUST00902,70929.41,5066.386428571429,9,5.0,,,200000,37.0,20-08-2025,1.0,3.0,2025-07-29 08:27:03.536194
CUST00903,23486.1,3355.157142857143,4,3.0,1.0,105.5,200000,80.0,14-08-2025,,,
CUST00904,26764.47,5352.894,1,4.0,3.0,87.74000000000001,50000,35.0,23-08-2025,3.0,5.0,2025-07-28 04:50:03.536194
CUST00905,54329.98,6791.2475,3,5.0,4.0,34.175,200000,98.0,25-08-2025,1.0,2.0,2025-07-29 10:19:03.536194
CUST00906,61092.33,5091.0275,4,8.0,1.0,51.32,50000,46.0,26-08-2025,,,
CUST00907,68331.42,5256.263076923076,9,4.0,,,200000,83.0,26-08-2025,,,
CUST00908,54143.03,6015.892222222222,0,9.0,3.0,66.58,100000,12.0,01-08-2025,,,
CUST00909,78241.55,5588.682142857143,7,7.0,,,200000,11.0,04-08-2025,,,
CUST00910,46424.07,5158.23,5,4.0,1.0,66.89,100000,52.0,20-08-2025,4.0,5.0,2025-07-28 23:38:03.536194
CUST00911,40104.74,5729.248571428571,5,2.0,1.0,60.29,200000,68.0,10-08-2025,1.0,2.0,2025-07-28 17:21:03.536194
CUST00912,53393.700000000004,5932.633333333334,4,5.0,3.0,75.01,100000,84.0,05-08-2025,,,
CUST00913,53488.12,5943.124444444445,5,4.0,2.0,13.01,100000,22.0,05-08-2025,1.0,3.0,2025-07-29 15:43:03.536194
CUST00914,64910.64,4636.4742857142855,9,5.0,4.0,74.895,50000,91.0,04-08-2025,1.0,2.0,2025-07-25 14:29:03.536194
CUST00915,67343.4,6122.127272727273,6,5.0,4.0,56.8975,100000,92.0,27-08-2025,1.0,3.0,2025-07-29 12:42:03.537197
CUST00916,34661.86,4332.7325,4,4.0,4.0,81.17,200000,80.0,16-08-2025,,,
CUST00917,76126.70999999999,5075.114,9,6.0,4.0,57.197500000000005,200000,6.0,21-08-2025,,,
CUST00918,27671.77,4611.961666666667,1,5.0,2.0,53.885000000000005,100000,98.0,25-08-2025,1.0,3.0,2025-07-27 16:27:03.537197
CUST00919,26658.31,5331.662,3,2.0,4.0,13.254999999999999,200000,8.0,19-08-2025,,,
CUST00920,21546.92,4309.384,2,3.0,3.0,23.926666666666666,100000,32.0,12-08-2025,1.0,2.0,2025-07-25 03:25:03.537197
CUST00921,54210.99,6776.37375,5,3.0,3.0,30.583333333333332,200000,11.0,19-08-2025,2.0,4.0,2025-07-29 09:03:03.537197
CUST00922,23696.73,3949.455,3,3.0,1.0,115.64,100000,56.00000000000001,01-08-2025,2.0,3.0,2025-07-29 07:04:03.537197
CUST00923,87421.99,5828.132666666667,10,5.0,2.0,62.655,100000,67.0,01-08-2025,2.0,4.0,2025-07-27 16:02:03.537197
CUST00924,25632.39,3661.77,4,3.0,1.0,36.12,200000,50.0,24-08-2025,1.0,3.0,2025-07-26 14:21:03.537197
CUST00925,71040.03,4736.0019999999995,8,7.0,2.0,57.440000000000005,100000,71.0,08-08-2025,1.0,3.0,2025-07-27 14:33:03.537197
CUST00926,36318.51,5188.358571428572,3,4.0,,,50000,21.0,17-08-2025,2.0,3.0,2025-07-29 16:52:03.537197
CUST00927,61996.9,4768.992307692308,7,6.0,4.0,50.2625,200000,20.0,19-08-2025,2.0,4.0,2025-07-29 01:37:03.537197
CUST00928,51045.16,5671.684444444445,3,6.0,3.0,69.72,200000,75.0,17-08-2025,2.0,4.0,2025-07-29 15:42:03.537197
CUST00929,32317.73,4616.818571428571,2,5.0,3.0,60.98,200000,5.0,07-08-2025,1.0,2.0,2025-07-28 21:10:03.537197
CUST00930,50015.79,5001.579,7,3.0,2.0,111.495,200000,65.0,03-08-2025,1.0,3.0,2025-07-29 10:39:03.537197
CUST00931,67955.38,5662.948333333334,6,6.0,2.0,104.55000000000001,100000,71.0,10-08-2025,1.0,3.0,2025-07-25 19:17:03.537197
CUST00932,32336.3,3592.922222222222,5,4.0,4.0,41.49,50000,21.0,28-08-2025,,,
CUST00933,41887.51,4654.167777777778,3,6.0,,,50000,14.000000000000002,18-08-2025,2.0,4.0,2025-07-29 15:40:03.537197
CUST00934,30337.86,4333.9800000000005,6,1.0,4.0,64.575,200000,7.000000000000001,31-07-2025,1.0,3.0,2025-07-28 21:56:03.537197
CUST00935,61159.33,4704.5638461538465,4,9.0,3.0,107.37666666666667,100000,82.0,05-08-2025,2.0,5.0,2025-07-27 04:56:03.537197
CUST00936,40996.62,5856.660000000001,4,3.0,1.0,96.4,50000,46.0,02-08-2025,1.0,2.0,2025-07-29 13:37:03.537197
CUST00937,93296.70999999999,6664.050714285714,9,5.0,2.0,25.545,100000,16.0,31-07-2025,,,
CUST00938,45097.9,6442.557142857143,0,7.0,3.0,69.28333333333333,100000,89.0,22-08-2025,2.0,5.0,2025-07-28 19:07:03.538189
CUST00939,34442.24,5740.373333333333,4,2.0,3.0,24.44333333333333,50000,49.0,12-08-2025,,,
CUST00940,38538.93,5505.561428571428,4,3.0,1.0,35.01,200000,73.0,01-08-2025,2.0,5.0,2025-07-29 09:54:03.538189
CUST00941,82960.29000000001,6913.357500000001,3,9.0,4.0,46.29,50000,20.0,01-08-2025,1.0,3.0,2025-07-28 20:37:03.538189
CUST00942,35142.54,3904.726666666667,2,7.0,3.0,78.54,100000,25.0,09-08-2025,,,
CUST00943,41830.54,4183.054,5,5.0,4.0,67.8775,50000,12.0,26-08-2025,1.0,3.0,2025-07-29 05:47:03.538189
CUST00944,33137.41,3313.7410000000004,7,3.0,2.0,96.875,200000,66.0,02-08-2025,,,
CUST00945,58500.96,5850.096,5,5.0,4.0,56.31,200000,60.00000000000001,22-08-2025,1.0,3.0,2025-07-27 13:13:03.538189
CUST00946,74801.9,4986.793333333333,7,8.0,2.0,41.155,100000,45.0,25-08-2025,,,
CUST00947,37615.9,4179.544444444445,7,2.0,1.0,43.53,100000,31.0,24-08-2025,1.0,2.0,2025-07-28 21:41:03.538189
CUST00948,30051.06,5008.51,2,4.0,4.0,61.92999999999999,50000,92.0,16-08-2025,1.0,3.0,2025-07-24 17:12:03.538189
CUST00949,38939.130000000005,3893.9130000000005,3,7.0,4.0,92.1125,100000,72.0,16-08-2025,,,
CUST00950,34296.47,4899.495714285715,5,2.0,1.0,29.39,100000,56.00000000000001,23-08-2025,,,
CUST00951,58811.21,5346.473636363637,6,5.0,4.0,61.965,50000,12.0,09-08-2025,,,
CUST00952,46064.6,4187.690909090909,4,7.0,,,50000,57.99999999999999,26-08-2025,1.0,3.0,2025-07-25 10:12:03.538189
CUST00953,55831.21,5583.121,5,5.0,1.0,97.98,50000,97.0,24-08-2025,,,
CUST00954,62848.090000000004,4834.468461538462,5,8.0,,,100000,72.0,27-08-2025,1.0,2.0,2025-07-26 05:46:03.538189
CUST00955,51508.06,5150.806,4,6.0,,,200000,68.0,28-08-2025,,,
CUST00956,39089.69,4343.298888888889,4,5.0,,,100000,83.0,14-08-2025,1.0,3.0,2025-07-29 03:31:03.538189
CUST00957,23947.99,3991.331666666667,1,5.0,,,200000,19.0,05-08-2025,1.0,3.0,2025-07-29 13:49:03.538189
CUST00958,40459.24,5057.405,5,3.0,3.0,53.47,100000,82.0,08-08-2025,1.0,2.0,2025-07-26 20:38:03.538189
CUST00959,84737.79000000001,6052.699285714286,6,8.0,,,100000,20.0,15-08-2025,1.0,2.0,2025-07-27 05:15:03.538189
CUST00960,51375.36,6421.92,4,4.0,4.0,68.38250000000001,50000,17.0,30-07-2025,4.0,5.0,2025-07-28 00:13:03.539188
CUST00961,80105.42,5340.361333333333,6,9.0,2.0,56.18,200000,85.0,30-07-2025,3.0,5.0,2025-07-28 19:34:03.539188
CUST00962,37505.92,4167.324444444444,4,5.0,,,50000,93.0,15-08-2025,1.0,3.0,2025-07-28 07:14:03.539188
CUST00963,63562.340000000004,4889.41076923077,5,8.0,,,200000,57.99999999999999,12-08-2025,,,
CUST00964,61521.61,4732.431538461538,8,5.0,4.0,60.045,50000,34.0,19-08-2025,1.0,3.0,2025-07-29 05:22:03.539188
CUST00965,20206.69,3367.7816666666663,1,5.0,4.0,45.04,100000,15.0,22-08-2025,,,
CUST00966,64880.29,4634.306428571429,9,5.0,3.0,37.083333333333336,100000,66.0,09-08-2025,,,
CUST00967,35110.58,7022.116,4,1.0,1.0,99.04,200000,28.000000000000004,15-08-2025,1.0,3.0,2025-07-27 12:27:03.539188
CUST00968,26071.03,5214.206,0,5.0,3.0,60.78666666666667,100000,62.0,31-07-2025,,,
CUST00969,19996.62,2856.66,4,3.0,1.0,57.66,100000,19.0,06-08-2025,3.0,4.0,2025-07-29 15:48:03.539188
CUST00970,61719.39,6171.939,6,4.0,2.0,5.71,200000,66.0,18-08-2025,4.0,6.0,2025-07-29 01:43:03.539188
CUST00971,30423.5,5070.583333333333,3,3.0,1.0,111.73,50000,49.0,04-08-2025,,,
CUST00972,31940.6,3992.575,5,3.0,1.0,112.8,100000,50.0,28-08-2025,1.0,2.0,2025-07-26 11:58:03.539188
CUST00973,47839.81999999999,5315.535555555554,4,5.0,1.0,57.66,100000,16.0,31-07-2025,,,
CUST00974,75735.16,5409.654285714286,8,6.0,3.0,9.063333333333333,50000,57.99999999999999,20-08-2025,1.0,3.0,2025-07-29 12:08:03.539188
CUST00975,20192.510000000002,4038.5020000000004,1,4.0,3.0,87.62666666666667,50000,70.0,23-08-2025,2.0,5.0,2025-07-29 12:46:03.539188
CUST00976,65961.83,5496.819166666667,9,3.0,,,100000,67.0,06-08-2025,,,
CUST00977,45046.14,6435.162857142857,4,3.0,,,50000,89.0,05-08-2025,,,
CUST00978,34402.5,4914.642857142857,5,2.0,4.0,54.355000000000004,200000,52.0,13-08-2025,,,
CUST00979,38697.18,4299.6866666666665,5,4.0,2.0,63.769999999999996,100000,82.0,25-08-2025,,,
CUST00980,55064.65,5005.877272727273,3,8.0,2.0,47.015,100000,44.0,04-08-2025,1.0,2.0,2025-07-29 12:56:03.539188
CUST00981,22780.59,3254.37,3,4.0,2.0,36.33,200000,75.0,02-08-2025,2.0,4.0,2025-07-29 06:38:03.539188
CUST00982,28110.51,5622.102,2,3.0,4.0,36.6475,100000,40.0,05-08-2025,,,
CUST00983,50949.89,4631.808181818182,7,4.0,,,100000,81.0,25-08-2025,1.0,3.0,2025-07-29 15:40:03.539188
CUST00984,31692.059999999998,6338.411999999999,2,3.0,1.0,89.51,50000,33.0,05-08-2025,,,
CUST00985,47233.23,4723.323,3,7.0,1.0,16.66,50000,6.0,30-07-2025,1.0,3.0,2025-07-29 17:39:03.539188
CUST00986,21497.75,4299.55,2,3.0,,,100000,7.000000000000001,14-08-2025,1.0,3.0,2025-07-27 07:26:03.539188
CUST00987,60707.05,5518.822727272727,5,6.0,,,100000,55.00000000000001,15-08-2025,,,
CUST00988,69775.03,5367.3099999999995,8,5.0,3.0,80.94333333333333,50000,79.0,01-08-2025,4.0,6.0,2025-07-29 02:53:03.540186
CUST00989,46755.72,3896.31,6,6.0,4.0,90.725,200000,53.0,02-08-2025,2.0,4.0,2025-07-29 15:09:03.540186
CUST00990,40567.61,5795.372857142857,3,4.0,,,200000,53.0,08-08-2025,,,
CUST00991,76014.53,5847.2715384615385,3,10.0,1.0,75.09,100000,92.0,07-08-2025,1.0,3.0,2025-07-27 00:24:03.540186
CUST00992,57221.15,4768.429166666667,5,7.0,4.0,61.957499999999996,100000,80.0,08-08-2025,1.0,2.0,2025-07-27 09:34:03.540186
CUST00993,48476.35,4039.695833333333,4,8.0,1.0,44.34,200000,75.0,19-08-2025,,,
CUST00994,74045.48,5695.806153846153,6,7.0,2.0,89.14500000000001,200000,59.0,18-08-2025,1.0,2.0,2025-07-26 09:44:03.540186
CUST00995,57243.200000000004,4088.8,8,6.0,,,100000,21.0,05-08-2025,2.0,4.0,2025-07-29 05:21:03.540186
CUST00996,45987.33,4598.733,3,7.0,2.0,86.35,200000,28.000000000000004,14-08-2025,,,
CUST00997,43477.61,5434.70125,5,3.0,2.0,85.245,100000,60.00000000000001,17-08-2025,,,
CUST00998,71830.4,6530.036363636363,3,8.0,,,50000,19.0,30-07-2025,,,
CUST00999,45389.009999999995,6484.144285714285,4,3.0,4.0,44.495,100000,28.999999999999996,06-08-2025,,,
CUST01000,57883.42,7235.4275,3,5.0,1.0,118.9,200000,46.0,08-08-2025,1.0,2.0,2025-07-27 20:53:03.540186
