customer_id,card_no,limit,usage,due_date
CUST00001,4974841250582087,200000,0.7000000000000001,04-08-2025
CUST00002,4506311627145877,50000,0.45,07-08-2025
CUST00003,4095482876802510,50000,0.16,09-08-2025
CUST00004,4534416026772862,200000,0.8200000000000001,14-08-2025
CUST00005,4521454563303916,50000,0.22,08-08-2025
CUST00006,4295805600527355,100000,0.62,21-08-2025
CUST00007,4236350083454687,200000,0.63,28-08-2025
CUST00008,4254291858969188,100000,0.87,05-08-2025
CUST00009,4001222733663697,200000,0.33,09-08-2025
CUST00010,4182226652676554,50000,0.26,23-08-2025
CUST00011,4492269371532959,200000,0.53,06-08-2025
CUST00012,4197572540424236,50000,0.22,16-08-2025
CUST00013,4494970286767073,100000,0.84,01-08-2025
CUST00014,4232597694528971,100000,0.54,20-08-2025
CUST00015,4532121749796828,100000,0.79,13-08-2025
CUST00016,4093962204308519,50000,0.36,13-08-2025
CUST00017,4410257322941390,100000,0.68,24-08-2025
CUST00018,4114152728104466,50000,0.11,17-08-2025
CUST00019,4001999434457993,100000,0.54,20-08-2025
CUST00020,4287718497002916,200000,0.41000000000000003,28-08-2025
CUST00021,4775136926994501,50000,0.59,13-08-2025
CUST00022,4602481228329825,200000,0.81,17-08-2025
CUST00023,4486751542975717,100000,0.64,08-08-2025
CUST00024,4356330049795180,100000,0.06,07-08-2025
CUST00025,4679998112848922,200000,0.08,01-08-2025
CUST00026,4378198019436326,200000,0.49,23-08-2025
CUST00027,4845123386436204,50000,0.08,17-08-2025
CUST00028,4615341196277430,50000,0.7000000000000001,16-08-2025
CUST00029,4377157062205438,200000,0.68,09-08-2025
CUST00030,4248155024817023,100000,0.84,14-08-2025
CUST00031,4454467077343007,200000,0.9400000000000001,20-08-2025
CUST00032,4895618857803752,50000,0.79,14-08-2025
CUST00033,4475357576047544,50000,0.54,24-08-2025
CUST00034,4348978264388252,200000,0.52,24-08-2025
CUST00035,4517272661655646,200000,0.75,16-08-2025
CUST00036,4282656768167631,100000,0.89,27-08-2025
CUST00037,4513051286953728,200000,0.8200000000000001,19-08-2025
CUST00038,4650077752498516,200000,0.09,02-08-2025
CUST00039,4779017561674866,50000,0.16,15-08-2025
CUST00040,4422825126506909,200000,0.9,04-08-2025
CUST00041,4321048504605637,50000,0.1,25-08-2025
CUST00042,4889071961963254,200000,0.26,10-08-2025
CUST00043,4520595572188161,50000,0.73,14-08-2025
CUST00044,4038437480809881,100000,0.8,04-08-2025
CUST00045,4174391821942820,200000,0.67,31-07-2025
CUST00046,4333669571513283,100000,0.92,16-08-2025
CUST00047,4146077817867547,50000,0.43,16-08-2025
CUST00048,4411302392929865,200000,0.93,28-08-2025
CUST00049,4443541263471221,200000,0.06,14-08-2025
CUST00050,4601562678182756,200000,0.9500000000000001,07-08-2025
CUST00051,4268355724836759,100000,0.29,26-08-2025
CUST00052,4445676138662473,200000,0.87,16-08-2025
CUST00053,4675817306029485,100000,0.5,09-08-2025
CUST00054,4003626680173533,100000,0.67,17-08-2025
CUST00055,4743714328613477,100000,0.87,14-08-2025
CUST00056,4265837655273200,100000,0.27,10-08-2025
CUST00057,4848403701135866,100000,0.66,02-08-2025
CUST00058,4562353275353454,100000,0.28,14-08-2025
CUST00059,4879728066270487,50000,0.81,02-08-2025
CUST00060,4585596170389651,100000,0.47000000000000003,03-08-2025
CUST00061,4829541567935446,100000,0.75,23-08-2025
CUST00062,4627982538516088,50000,0.24,15-08-2025
CUST00063,4268577258026187,50000,0.63,17-08-2025
CUST00064,4983277197068835,50000,0.39,08-08-2025
CUST00065,4269808308651803,200000,0.55,08-08-2025
CUST00066,4524697587939671,50000,0.29,10-08-2025
CUST00067,4885015787855659,50000,0.58,07-08-2025
CUST00068,4214712857557081,200000,0.22,18-08-2025
CUST00069,4249255329391843,50000,0.74,02-08-2025
CUST00070,4392579867813956,200000,0.42,07-08-2025
CUST00071,4035476426518152,50000,0.44,15-08-2025
CUST00072,4619998155672506,50000,0.53,26-08-2025
CUST00073,4050470854273420,50000,0.44,22-08-2025
CUST00074,4012035967070141,50000,0.8200000000000001,27-08-2025
CUST00075,4930854239182030,50000,0.91,18-08-2025
CUST00076,4220789616285854,100000,0.11,06-08-2025
CUST00077,4725293673212238,100000,0.24,16-08-2025
CUST00078,4460299894688324,200000,0.34,31-07-2025
CUST00079,4096210676265218,50000,0.9400000000000001,10-08-2025
CUST00080,4485854214018644,200000,0.61,13-08-2025
CUST00081,4952891178140330,200000,0.17,21-08-2025
CUST00082,4510236320399041,200000,0.54,31-07-2025
CUST00083,4305716159578542,200000,0.88,03-08-2025
CUST00084,4722004153418794,200000,0.08,26-08-2025
CUST00085,4203123849637770,100000,0.78,25-08-2025
CUST00086,4130492423977117,50000,0.9400000000000001,20-08-2025
CUST00087,4470410511640601,200000,0.49,16-08-2025
CUST00088,4111550852715541,200000,0.8,22-08-2025
CUST00089,4778595170135080,50000,0.79,26-08-2025
CUST00090,4839890606782715,50000,0.46,25-08-2025
CUST00091,4671958599904615,200000,0.44,06-08-2025
CUST00092,4244170119292552,100000,0.91,25-08-2025
CUST00093,4898316350593644,50000,0.8300000000000001,30-07-2025
CUST00094,4203195755168230,100000,0.85,04-08-2025
CUST00095,4424385848566706,100000,0.63,28-08-2025
CUST00096,4512935280700612,200000,0.07,30-07-2025
CUST00097,4405364381127440,100000,0.9400000000000001,18-08-2025
CUST00098,4610127379682321,200000,0.06,20-08-2025
CUST00099,4114602437101722,50000,0.9500000000000001,15-08-2025
CUST00100,4338229885923740,100000,0.9,10-08-2025
CUST00101,4735593177749108,100000,0.65,18-08-2025
CUST00102,4181967010171314,100000,0.5,11-08-2025
CUST00103,4056500476452854,100000,0.98,27-08-2025
CUST00104,4543984476402139,50000,0.62,08-08-2025
CUST00105,4127938052478617,100000,0.1,13-08-2025
CUST00106,4591425485437974,50000,0.78,09-08-2025
CUST00107,4067872731068263,200000,0.44,19-08-2025
CUST00108,4841708885157529,100000,0.78,11-08-2025
CUST00109,4528941178550720,200000,0.93,13-08-2025
CUST00110,4743418190275353,50000,0.8300000000000001,17-08-2025
CUST00111,4228860727648149,50000,0.61,26-08-2025
CUST00112,4030502700713487,200000,0.68,15-08-2025
CUST00113,4786423694195484,100000,0.14,07-08-2025
CUST00114,4387290214348205,50000,0.25,05-08-2025
CUST00115,4157198251401678,200000,0.71,26-08-2025
CUST00116,4701920501455606,200000,0.9500000000000001,16-08-2025
CUST00117,4578801966899899,200000,0.26,13-08-2025
CUST00118,4654154491369499,100000,0.61,31-07-2025
CUST00119,4642762717637492,50000,0.18,27-08-2025
CUST00120,4082139466208714,100000,0.6900000000000001,22-08-2025
CUST00121,4511444985989809,100000,0.30000000000000004,09-08-2025
CUST00122,4744734352968119,200000,0.71,13-08-2025
CUST00123,4906229683784830,100000,0.89,07-08-2025
CUST00124,4709501224905560,200000,0.42,18-08-2025
CUST00125,4660212793549246,50000,0.24,12-08-2025
CUST00126,4888772413791038,100000,0.92,02-08-2025
CUST00127,4255839290293773,200000,0.22,09-08-2025
CUST00128,4651626171503915,100000,0.93,17-08-2025
CUST00129,4914098211412305,100000,0.4,18-08-2025
CUST00130,4373548866614622,200000,0.2,15-08-2025
CUST00131,4508711455233741,100000,0.29,15-08-2025
CUST00132,4913169335678906,100000,0.52,17-08-2025
CUST00133,4931555459716608,50000,0.09,05-08-2025
CUST00134,4303238970132033,200000,0.71,08-08-2025
CUST00135,4343119184762911,50000,0.9,15-08-2025
CUST00136,4437345678219210,200000,0.46,11-08-2025
CUST00137,4673658244942429,100000,0.96,02-08-2025
CUST00138,4602499247596875,50000,0.39,09-08-2025
CUST00139,4963525363179733,100000,0.74,10-08-2025
CUST00140,4761206417327051,200000,0.4,15-08-2025
CUST00141,4724701096089911,100000,0.26,07-08-2025
CUST00142,4560881834182799,200000,0.21,26-08-2025
CUST00143,4325681122943622,50000,0.72,30-07-2025
CUST00144,4890794784486070,100000,0.68,27-08-2025
CUST00145,4725393146339402,200000,0.4,30-07-2025
CUST00146,4512830372889474,200000,0.33,16-08-2025
CUST00147,4433665177167206,100000,0.75,23-08-2025
CUST00148,4491448821590211,100000,0.5,21-08-2025
CUST00149,4833990218891883,200000,0.09,09-08-2025
CUST00150,4382918976499967,200000,0.49,18-08-2025
CUST00151,4902646857379512,200000,0.61,22-08-2025
CUST00152,4319385909805982,50000,0.33,19-08-2025
CUST00153,4518556556604737,200000,0.07,03-08-2025
CUST00154,4878342683551397,50000,0.46,19-08-2025
CUST00155,4906952068729341,100000,0.22,17-08-2025
CUST00156,4162486923998518,100000,0.13,01-08-2025
CUST00157,4089248344514482,200000,0.07,18-08-2025
CUST00158,4523808230671497,100000,0.66,10-08-2025
CUST00159,4896999197621570,200000,0.34,02-08-2025
CUST00160,4763486619110685,100000,0.39,06-08-2025
CUST00161,4832327519826381,200000,0.12,17-08-2025
CUST00162,4775488477202498,100000,0.77,12-08-2025
CUST00163,4826515487607901,100000,0.29,04-08-2025
CUST00164,4976332661357129,200000,0.74,16-08-2025
CUST00165,4120380614169690,50000,0.75,31-07-2025
CUST00166,4132561398426211,100000,0.47000000000000003,20-08-2025
CUST00167,4761335430878303,50000,0.72,09-08-2025
CUST00168,4982529131140042,200000,0.11,06-08-2025
CUST00169,4454963039879236,100000,0.8300000000000001,04-08-2025
CUST00170,4467014566399638,100000,0.53,28-08-2025
CUST00171,4104079487579500,100000,0.17,26-08-2025
CUST00172,4546336640295580,200000,0.88,27-08-2025
CUST00173,4737146432932235,100000,0.59,30-07-2025
CUST00174,4229956966394855,100000,0.30000000000000004,15-08-2025
CUST00175,4991654833577184,100000,0.91,26-08-2025
CUST00176,4782341298213532,100000,0.97,18-08-2025
CUST00177,4346212449089349,100000,0.41000000000000003,13-08-2025
CUST00178,4025866329588692,200000,0.37,01-08-2025
CUST00179,4140444930031649,100000,0.44,02-08-2025
CUST00180,4939726797835314,100000,0.8,12-08-2025
CUST00181,4065939249391224,50000,0.54,27-08-2025
CUST00182,4954625605276849,100000,0.32,16-08-2025
CUST00183,4962160333005613,100000,0.21,16-08-2025
CUST00184,4281283826986988,50000,0.96,13-08-2025
CUST00185,4394067012491495,50000,0.86,16-08-2025
CUST00186,4897645254162448,100000,0.29,26-08-2025
CUST00187,4780945081037825,200000,0.72,09-08-2025
CUST00188,4677837306881045,100000,0.75,07-08-2025
CUST00189,4247977718955502,100000,0.84,19-08-2025
CUST00190,4271487646719974,100000,0.37,18-08-2025
CUST00191,4622381440651647,50000,0.8300000000000001,31-07-2025
CUST00192,4637399542051980,50000,0.54,17-08-2025
CUST00193,4907494899450662,100000,0.33,01-08-2025
CUST00194,4174467198086099,100000,0.12,08-08-2025
CUST00195,4014146253361926,50000,0.48,26-08-2025
CUST00196,4597113075682312,200000,0.15,23-08-2025
CUST00197,4914211960303928,200000,0.44,06-08-2025
CUST00198,4222768597440507,200000,0.21,28-08-2025
CUST00199,4924588361826062,50000,0.5,12-08-2025
CUST00200,4551652168394755,200000,0.98,03-08-2025
CUST00201,4384065438797206,200000,0.08,22-08-2025
CUST00202,4326379362362517,100000,0.63,27-08-2025
CUST00203,4707544460943933,100000,0.43,07-08-2025
CUST00204,4458456122574819,200000,0.47000000000000003,21-08-2025
CUST00205,4588486184777930,50000,0.30000000000000004,25-08-2025
CUST00206,4162975841717104,200000,0.37,13-08-2025
CUST00207,4988912841523184,200000,0.34,01-08-2025
CUST00208,4454059997725945,50000,0.33,30-07-2025
CUST00209,4861786988485174,200000,0.39,11-08-2025
CUST00210,4288268800857501,50000,0.28,01-08-2025
CUST00211,4845496926241369,50000,0.23,20-08-2025
CUST00212,4920422085097585,200000,0.76,05-08-2025
CUST00213,4562025486199296,50000,0.30000000000000004,24-08-2025
CUST00214,4125876855564530,50000,0.49,09-08-2025
CUST00215,4549002251313767,50000,0.12,16-08-2025
CUST00216,4204197471973681,100000,0.16,21-08-2025
CUST00217,4211975471727505,200000,0.44,21-08-2025
CUST00218,4821451893291178,100000,0.63,12-08-2025
CUST00219,4852780581630376,200000,0.43,19-08-2025
CUST00220,4876930851779509,100000,0.5,01-08-2025
CUST00221,4860052936633355,200000,0.9500000000000001,24-08-2025
CUST00222,4352386569564751,50000,0.17,27-08-2025
CUST00223,4960236053793944,50000,0.21,03-08-2025
CUST00224,4968521117903888,100000,0.91,01-08-2025
CUST00225,4085718351041900,200000,0.74,09-08-2025
CUST00226,4394433964048631,100000,0.35000000000000003,18-08-2025
CUST00227,4886454622546367,200000,0.43,22-08-2025
CUST00228,4028790523387459,50000,0.48,23-08-2025
CUST00229,4973507944837947,200000,0.8200000000000001,23-08-2025
CUST00230,4676987163766154,200000,0.77,21-08-2025
CUST00231,4190543030919896,50000,0.68,17-08-2025
CUST00232,4273062110492301,50000,0.05,13-08-2025
CUST00233,4342766551833082,100000,0.06,16-08-2025
CUST00234,4809750693830612,50000,0.5,27-08-2025
CUST00235,4870678123258806,200000,0.15,27-08-2025
CUST00236,4483599802736343,100000,0.52,11-08-2025
CUST00237,4409942700040389,50000,0.39,07-08-2025
CUST00238,4422507634689447,200000,0.76,20-08-2025
CUST00239,4794427100350750,50000,0.17,31-07-2025
CUST00240,4263813972722724,200000,0.2,27-08-2025
CUST00241,4333776094104081,200000,0.28,09-08-2025
CUST00242,4614164611910842,200000,0.51,20-08-2025
CUST00243,4889462482482221,200000,0.12,05-08-2025
CUST00244,4271076221769599,200000,0.42,27-08-2025
CUST00245,4877336586767278,200000,0.87,25-08-2025
CUST00246,4923957971823563,200000,0.37,24-08-2025
CUST00247,4763794243543856,100000,0.36,27-08-2025
CUST00248,4840630332843113,100000,0.39,17-08-2025
CUST00249,4557639550470350,200000,0.59,28-08-2025
CUST00250,4408076716613566,50000,0.29,03-08-2025
CUST00251,4340093915442470,200000,0.4,14-08-2025
CUST00252,4637839316062734,200000,0.62,11-08-2025
CUST00253,4445081271736406,50000,0.68,23-08-2025
CUST00254,4886774999411870,100000,0.65,27-08-2025
CUST00255,4669588122000923,200000,0.2,30-07-2025
CUST00256,4399840333861468,100000,0.25,28-08-2025
CUST00257,4986212019967530,100000,0.07,12-08-2025
CUST00258,4798418978148847,50000,0.23,23-08-2025
CUST00259,4545171670046587,100000,0.15,12-08-2025
CUST00260,4795180191794131,100000,0.30000000000000004,26-08-2025
CUST00261,4364082923862519,200000,0.92,21-08-2025
CUST00262,4479508610741694,200000,0.59,06-08-2025
CUST00263,4182154372239235,200000,0.84,08-08-2025
CUST00264,4081672611783908,100000,0.27,18-08-2025
CUST00265,4592784938969674,100000,0.13,20-08-2025
CUST00266,4163409502015013,50000,0.77,24-08-2025
CUST00267,4069174953353526,100000,0.17,16-08-2025
CUST00268,4535905648384112,200000,0.07,19-08-2025
CUST00269,4462005045825431,200000,0.5700000000000001,18-08-2025
CUST00270,4153024528583586,200000,0.9500000000000001,16-08-2025
CUST00271,4856294812538328,50000,0.5,06-08-2025
CUST00272,4460886500697646,50000,0.6000000000000001,08-08-2025
CUST00273,4664969886599120,100000,0.98,22-08-2025
CUST00274,4227099590857025,200000,0.23,18-08-2025
CUST00275,4191291018283683,50000,0.41000000000000003,31-07-2025
CUST00276,4488131064740888,50000,0.7000000000000001,28-08-2025
CUST00277,4097062359329957,50000,0.53,30-07-2025
CUST00278,4079858528947373,100000,0.54,16-08-2025
CUST00279,4082755889252755,50000,0.30000000000000004,23-08-2025
CUST00280,4323355325350320,50000,0.88,05-08-2025
CUST00281,4765911502055414,200000,0.08,21-08-2025
CUST00282,4125344742937374,200000,0.22,11-08-2025
CUST00283,4783563052566605,50000,0.24,21-08-2025
CUST00284,4275261638167231,100000,0.81,03-08-2025
CUST00285,4873727414558906,100000,0.92,20-08-2025
CUST00286,4966849908823849,200000,0.37,03-08-2025
CUST00287,4458736795857090,50000,0.38,31-07-2025
CUST00288,4495479762228683,100000,0.1,04-08-2025
CUST00289,4874573123893104,100000,0.38,11-08-2025
CUST00290,4387508986985292,100000,0.28,06-08-2025
CUST00291,4494390024880009,50000,0.25,21-08-2025
CUST00292,4996696777446828,200000,0.13,31-07-2025
CUST00293,4599739538652173,50000,0.84,25-08-2025
CUST00294,4862905356124662,200000,0.47000000000000003,06-08-2025
CUST00295,4067898153592154,200000,0.56,15-08-2025
CUST00296,4410929072053179,50000,0.54,19-08-2025
CUST00297,4878407300967917,200000,0.51,16-08-2025
CUST00298,4614148292177832,50000,0.53,27-08-2025
CUST00299,4171566298523315,200000,0.16,30-07-2025
CUST00300,4415966502774238,50000,0.18,03-08-2025
CUST00301,4578847020460010,50000,0.16,04-08-2025
CUST00302,4227834225126174,200000,0.42,10-08-2025
CUST00303,4030152743961280,50000,0.44,05-08-2025
CUST00304,4372289835201339,50000,0.07,11-08-2025
CUST00305,4848880864277998,50000,0.92,10-08-2025
CUST00306,4080645213051883,200000,0.7000000000000001,27-08-2025
CUST00307,4985165666000354,50000,0.31,24-08-2025
CUST00308,4400951758517961,200000,0.71,26-08-2025
CUST00309,4282909181216904,200000,0.5,11-08-2025
CUST00310,4145260760187616,50000,0.44,10-08-2025
CUST00311,4528198909176152,100000,0.9,24-08-2025
CUST00312,4692148506702082,100000,0.21,21-08-2025
CUST00313,4320456835868190,100000,0.9,26-08-2025
CUST00314,4724820986673084,100000,0.36,12-08-2025
CUST00315,4360538126891467,100000,0.6900000000000001,04-08-2025
CUST00316,4000891701630619,100000,0.4,20-08-2025
CUST00317,4919280800464171,50000,0.13,14-08-2025
CUST00318,4553987364800818,50000,0.92,09-08-2025
CUST00319,4184714502755182,200000,0.11,10-08-2025
CUST00320,4954964522342097,50000,0.47000000000000003,20-08-2025
CUST00321,4394599065069599,100000,0.30000000000000004,20-08-2025
CUST00322,4836716720268811,200000,0.52,02-08-2025
CUST00323,4105838222066058,100000,0.6900000000000001,06-08-2025
CUST00324,4886456447281363,100000,0.66,12-08-2025
CUST00325,4811182179457883,200000,0.93,21-08-2025
CUST00326,4949911346430041,50000,0.84,09-08-2025
CUST00327,4888169147747711,200000,0.41000000000000003,18-08-2025
CUST00328,4373969785011784,200000,0.19,28-08-2025
CUST00329,4813532194961579,100000,0.13,13-08-2025
CUST00330,4592512404237793,100000,0.37,09-08-2025
CUST00331,4296713155024619,100000,0.54,20-08-2025
CUST00332,4996547488720843,100000,0.26,25-08-2025
CUST00333,4315294089528184,200000,0.49,17-08-2025
CUST00334,4062736708492697,200000,0.24,01-08-2025
CUST00335,4788827630448926,100000,0.66,03-08-2025
CUST00336,4033160190485129,200000,0.9500000000000001,09-08-2025
CUST00337,4141180979584346,200000,0.41000000000000003,14-08-2025
CUST00338,4264179851688213,200000,0.65,18-08-2025
CUST00339,4892479860349735,50000,0.27,13-08-2025
CUST00340,4749912161032384,200000,0.89,31-07-2025
CUST00341,4671823084842239,100000,0.08,30-07-2025
CUST00342,4503212753790048,200000,0.11,03-08-2025
CUST00343,4273982361911062,100000,0.31,23-08-2025
CUST00344,4602848624277697,200000,0.07,19-08-2025
CUST00345,4065907003147087,100000,0.13,04-08-2025
CUST00346,4245301071393689,50000,0.06,21-08-2025
CUST00347,4309667653171801,200000,0.8200000000000001,07-08-2025
CUST00348,4260930804559430,200000,0.71,06-08-2025
CUST00349,4902732200376569,50000,0.76,03-08-2025
CUST00350,4857703903091956,100000,0.66,27-08-2025
CUST00351,4838703065751174,50000,0.98,22-08-2025
CUST00352,4548306515923751,100000,0.32,07-08-2025
CUST00353,4271899578865379,100000,0.8300000000000001,13-08-2025
CUST00354,4697516536483456,200000,0.8300000000000001,13-08-2025
CUST00355,4210239364236769,200000,0.8,02-08-2025
CUST00356,4356770064247818,200000,0.93,15-08-2025
CUST00357,4963731546086826,100000,0.44,06-08-2025
CUST00358,4145234759434186,50000,0.35000000000000003,06-08-2025
CUST00359,4240640416601059,100000,0.5,11-08-2025
CUST00360,4156183075812938,100000,0.47000000000000003,03-08-2025
CUST00361,4504509108421363,200000,0.89,15-08-2025
CUST00362,4881819859219666,50000,0.8300000000000001,08-08-2025
CUST00363,4082957893598549,100000,0.58,03-08-2025
CUST00364,4687608228947502,100000,0.28,05-08-2025
CUST00365,4937451875140721,50000,0.97,06-08-2025
CUST00366,4930684404391033,200000,0.73,01-08-2025
CUST00367,4488886574240964,50000,0.37,25-08-2025
CUST00368,4263434882205547,200000,0.73,28-08-2025
CUST00369,4226727738755416,50000,0.43,24-08-2025
CUST00370,4953201785310213,200000,0.8,18-08-2025
CUST00371,4952687282756084,200000,0.88,08-08-2025
CUST00372,4030159794915068,200000,0.06,21-08-2025
CUST00373,4732325710786918,200000,0.39,18-08-2025
CUST00374,4358604708414395,200000,0.86,31-07-2025
CUST00375,4959493992742999,200000,0.48,07-08-2025
CUST00376,4115953315551749,50000,0.49,18-08-2025
CUST00377,4463416370370200,100000,0.84,19-08-2025
CUST00378,4841136506237259,100000,0.41000000000000003,04-08-2025
CUST00379,4437424511658137,100000,0.7000000000000001,24-08-2025
CUST00380,4506336441275054,50000,0.44,12-08-2025
CUST00381,4456414577594370,100000,0.12,30-07-2025
CUST00382,4367686500450127,50000,0.5,25-08-2025
CUST00383,4786145213446670,200000,0.39,18-08-2025
CUST00384,4483656720243482,50000,0.36,23-08-2025
CUST00385,4263458528133237,200000,0.24,26-08-2025
CUST00386,4987255718202656,100000,0.45,26-08-2025
CUST00387,4148828726259635,50000,0.13,20-08-2025
CUST00388,4746666876883813,50000,0.45,30-07-2025
CUST00389,4638214379137325,50000,0.26,13-08-2025
CUST00390,4546226896757223,100000,0.6000000000000001,08-08-2025
CUST00391,4763123144693224,200000,0.05,11-08-2025
CUST00392,4767406647944907,50000,0.44,27-08-2025
CUST00393,4542793798969323,100000,0.4,16-08-2025
CUST00394,4588463085784061,200000,0.73,14-08-2025
CUST00395,4566271917127616,200000,0.08,15-08-2025
CUST00396,4812320876397536,100000,0.59,31-07-2025
CUST00397,4533881880541025,100000,0.31,22-08-2025
CUST00398,4207739856129065,100000,0.23,11-08-2025
CUST00399,4820465505193982,200000,0.2,25-08-2025
CUST00400,4927425602803199,50000,0.62,01-08-2025
CUST00401,4084843150057604,100000,0.85,09-08-2025
CUST00402,4744538049004988,200000,0.98,21-08-2025
CUST00403,4863905995485623,100000,0.49,10-08-2025
CUST00404,4079545293078423,200000,0.88,17-08-2025
CUST00405,4760065989522611,50000,0.8,20-08-2025
CUST00406,4733180854778677,200000,0.17,18-08-2025
CUST00407,4271831160845539,200000,0.16,11-08-2025
CUST00408,4150694058564773,50000,0.79,04-08-2025
CUST00409,4490858684478566,50000,0.30000000000000004,06-08-2025
CUST00410,4088471594235569,200000,0.33,22-08-2025
CUST00411,4012899893409368,200000,0.59,17-08-2025
CUST00412,4425930147701118,50000,0.66,17-08-2025
CUST00413,4111487829596101,200000,0.54,28-08-2025
CUST00414,4315015525731353,50000,0.49,07-08-2025
CUST00415,4810640835968599,50000,0.09,31-07-2025
CUST00416,4919460167054618,50000,0.47000000000000003,23-08-2025
CUST00417,4033556578134906,50000,0.81,05-08-2025
CUST00418,4833853389363556,200000,0.41000000000000003,02-08-2025
CUST00419,4291756958821732,50000,0.77,06-08-2025
CUST00420,4468592264658959,100000,0.38,03-08-2025
CUST00421,4056738291879529,50000,0.49,03-08-2025
CUST00422,4394527865360378,50000,0.65,30-07-2025
CUST00423,4433705641689352,200000,0.27,16-08-2025
CUST00424,4588627148518697,50000,0.11,23-08-2025
CUST00425,4611874187835122,100000,0.89,16-08-2025
CUST00426,4010370268252457,200000,0.39,03-08-2025
CUST00427,4868880863091997,200000,0.41000000000000003,04-08-2025
CUST00428,4744880360572458,100000,0.97,04-08-2025
CUST00429,4916782683518973,50000,0.62,20-08-2025
CUST00430,4877730053240873,50000,0.49,28-08-2025
CUST00431,4967767096984136,50000,0.67,09-08-2025
CUST00432,4668905284105079,200000,0.39,08-08-2025
CUST00433,4911635833059787,100000,0.7000000000000001,03-08-2025
CUST00434,4883742518112958,50000,0.34,15-08-2025
CUST00435,4746595561484596,50000,0.06,04-08-2025
CUST00436,4726529620687912,200000,0.85,15-08-2025
CUST00437,4585059601460735,200000,0.26,07-08-2025
CUST00438,4832580376414833,200000,0.63,02-08-2025
CUST00439,4201863573116416,200000,0.32,25-08-2025
CUST00440,4770192136003983,100000,0.86,13-08-2025
CUST00441,4336076268431672,200000,0.9500000000000001,24-08-2025
CUST00442,4981612896483401,50000,0.2,28-08-2025
CUST00443,4621545885010065,100000,0.12,06-08-2025
CUST00444,4662531720372460,50000,0.88,02-08-2025
CUST00445,4353831498670748,100000,0.79,25-08-2025
CUST00446,4762062705088600,50000,0.29,31-07-2025
CUST00447,4354648612687733,100000,0.9,31-07-2025
CUST00448,4254408360071264,50000,0.89,05-08-2025
CUST00449,4925387278737526,200000,0.54,08-08-2025
CUST00450,4961906410022263,100000,0.07,24-08-2025
CUST00451,4268148818009033,100000,0.35000000000000003,03-08-2025
CUST00452,4574011209736310,50000,0.22,23-08-2025
CUST00453,4116232759369159,50000,0.31,21-08-2025
CUST00454,4099054640658216,100000,0.89,30-07-2025
CUST00455,4065401984101370,50000,0.77,12-08-2025
CUST00456,4784228542501135,100000,0.16,27-08-2025
CUST00457,4830981254062254,200000,0.29,06-08-2025
CUST00458,4992301555299710,50000,0.41000000000000003,28-08-2025
CUST00459,4444774322178579,50000,0.8300000000000001,04-08-2025
CUST00460,4427131471393909,50000,0.55,31-07-2025
CUST00461,4656024205110914,50000,0.8300000000000001,25-08-2025
CUST00462,4801907662251520,50000,0.19,27-08-2025
CUST00463,4865965655606351,200000,0.96,04-08-2025
CUST00464,4704535867225490,100000,0.4,02-08-2025
CUST00465,4432807693004307,50000,0.96,14-08-2025
CUST00466,4547734919003500,200000,0.31,23-08-2025
CUST00467,4564385678124114,100000,0.07,07-08-2025
CUST00468,4573970354839890,100000,0.5,09-08-2025
CUST00469,4225985082694750,50000,0.32,30-07-2025
CUST00470,4913581981633379,50000,0.45,16-08-2025
CUST00471,4269326288220210,100000,0.85,04-08-2025
CUST00472,4046998583044651,50000,0.88,27-08-2025
CUST00473,4621607199758407,100000,0.98,26-08-2025
CUST00474,4588666512776824,200000,0.86,02-08-2025
CUST00475,4262997288947594,200000,0.33,18-08-2025
CUST00476,4846621929134617,100000,0.32,22-08-2025
CUST00477,4625718915916308,200000,0.43,12-08-2025
CUST00478,4304178836338116,100000,0.51,07-08-2025
CUST00479,4296589648211475,50000,0.43,05-08-2025
CUST00480,4614150273749068,200000,0.36,10-08-2025
CUST00481,4672671499004677,100000,0.43,20-08-2025
CUST00482,4380182344400542,200000,0.93,30-07-2025
CUST00483,4467064101825895,200000,0.8,23-08-2025
CUST00484,4612329505875492,200000,0.28,17-08-2025
CUST00485,4825162283308596,200000,0.05,20-08-2025
CUST00486,4328088816163124,100000,0.63,03-08-2025
CUST00487,4094205426281671,50000,0.81,19-08-2025
CUST00488,4622855283807605,200000,0.41000000000000003,19-08-2025
CUST00489,4497466741100602,100000,0.51,05-08-2025
CUST00490,4377040156680883,50000,0.43,22-08-2025
CUST00491,4763594111781741,200000,0.77,20-08-2025
CUST00492,4564008544782428,100000,0.77,24-08-2025
CUST00493,4229574751481692,50000,0.61,05-08-2025
CUST00494,4313729897949279,200000,0.06,27-08-2025
CUST00495,4861283916245766,50000,0.38,17-08-2025
CUST00496,4467881336270492,200000,0.66,27-08-2025
CUST00497,4007036834347853,100000,0.65,17-08-2025
CUST00498,4231873720824069,100000,0.39,28-08-2025
CUST00499,4504654526514146,100000,0.47000000000000003,23-08-2025
CUST00500,4325603495504269,200000,0.62,04-08-2025
CUST00501,4106852476229005,100000,0.43,19-08-2025
CUST00502,4991387146059828,100000,0.13,10-08-2025
CUST00503,4730190220935740,200000,0.18,12-08-2025
CUST00504,4576882949075458,100000,0.63,22-08-2025
CUST00505,4022452799301019,50000,0.67,01-08-2025
CUST00506,4687772462700402,200000,0.52,09-08-2025
CUST00507,4771006896885643,200000,0.68,30-07-2025
CUST00508,4821126906692270,100000,0.55,07-08-2025
CUST00509,4418556298334039,200000,0.5700000000000001,21-08-2025
CUST00510,4763192778841636,200000,0.30000000000000004,21-08-2025
CUST00511,4391769334603653,100000,0.91,11-08-2025
CUST00512,4501543917079360,50000,0.43,06-08-2025
CUST00513,4962856589666989,200000,0.07,04-08-2025
CUST00514,4928559977163626,100000,0.31,30-07-2025
CUST00515,4915641283706893,50000,0.51,14-08-2025
CUST00516,4178878290512009,100000,0.54,09-08-2025
CUST00517,4743184169319667,50000,0.81,17-08-2025
CUST00518,4181939861550096,100000,0.15,25-08-2025
CUST00519,4068185030144537,50000,0.77,26-08-2025
CUST00520,4729408311958680,200000,0.66,15-08-2025
CUST00521,4763621632124142,100000,0.66,05-08-2025
CUST00522,4686251794366954,200000,0.9,24-08-2025
CUST00523,4168701376406924,200000,0.75,22-08-2025
CUST00524,4245105532400728,50000,0.79,28-08-2025
CUST00525,4324779383989679,50000,0.45,26-08-2025
CUST00526,4465493814749148,50000,0.64,09-08-2025
CUST00527,4966480863017365,200000,0.35000000000000003,13-08-2025
CUST00528,4057019201879444,100000,0.48,11-08-2025
CUST00529,4916893458971944,50000,0.29,20-08-2025
CUST00530,4775717439906399,200000,0.27,02-08-2025
CUST00531,4945371852669373,200000,0.85,08-08-2025
CUST00532,4012132461531079,200000,0.15,07-08-2025
CUST00533,4535074140670624,100000,0.62,05-08-2025
CUST00534,4175654583245222,200000,0.32,22-08-2025
CUST00535,4779820200996922,200000,0.44,08-08-2025
CUST00536,4338270123432694,50000,0.7000000000000001,28-08-2025
CUST00537,4067489123092960,100000,0.6900000000000001,11-08-2025
CUST00538,4191574554428137,50000,0.35000000000000003,18-08-2025
CUST00539,4490649145051527,50000,0.07,23-08-2025
CUST00540,4501856963262770,100000,0.55,16-08-2025
CUST00541,4380607546859816,100000,0.9,23-08-2025
CUST00542,4404478234854390,200000,0.51,09-08-2025
CUST00543,4386657429190347,50000,0.47000000000000003,11-08-2025
CUST00544,4508134803931604,200000,0.8200000000000001,05-08-2025
CUST00545,4790293110666136,50000,0.92,27-08-2025
CUST00546,4953382044351130,200000,0.16,20-08-2025
CUST00547,4350284247847644,200000,0.09,20-08-2025
CUST00548,4564957419753370,200000,0.67,07-08-2025
CUST00549,4565211125183715,100000,0.77,01-08-2025
CUST00550,4745528325793401,200000,0.92,03-08-2025
CUST00551,4772274475071128,200000,0.46,05-08-2025
CUST00552,4007024435325734,200000,0.39,02-08-2025
CUST00553,4763049030779189,100000,0.27,11-08-2025
CUST00554,4592612499946854,200000,0.59,06-08-2025
CUST00555,4141010547175345,50000,0.1,16-08-2025
CUST00556,4238829687780248,200000,0.85,09-08-2025
CUST00557,4860855467174120,50000,0.65,14-08-2025
CUST00558,4549109959510563,50000,0.21,08-08-2025
CUST00559,4543572805791255,50000,0.68,01-08-2025
CUST00560,4983627641502856,200000,0.53,30-07-2025
CUST00561,4936307421849487,50000,0.96,14-08-2025
CUST00562,4637456645741889,50000,0.39,05-08-2025
CUST00563,4461750534628438,50000,0.16,16-08-2025
CUST00564,4416295216431119,100000,0.4,31-07-2025
CUST00565,4207490729373007,50000,0.27,17-08-2025
CUST00566,4991327618967004,200000,0.98,19-08-2025
CUST00567,4442455450336111,100000,0.59,19-08-2025
CUST00568,4028373414148695,100000,0.6900000000000001,24-08-2025
CUST00569,4559457779437986,100000,0.31,28-08-2025
CUST00570,4307812277779700,100000,0.14,30-07-2025
CUST00571,4408518949742898,50000,0.22,23-08-2025
CUST00572,4058408079046691,200000,0.41000000000000003,03-08-2025
CUST00573,4625751372244084,50000,0.97,06-08-2025
CUST00574,4068304703142417,200000,0.19,02-08-2025
CUST00575,4919058550450872,200000,0.73,16-08-2025
CUST00576,4524716317774346,200000,0.79,12-08-2025
CUST00577,4430259831888156,100000,0.5,19-08-2025
CUST00578,4778558169942944,100000,0.8,12-08-2025
CUST00579,4675144783846041,50000,0.81,27-08-2025
CUST00580,4172867249846894,200000,0.31,27-08-2025
CUST00581,4334784607015240,100000,0.55,15-08-2025
CUST00582,4443433085414633,100000,0.68,05-08-2025
CUST00583,4047266797195558,200000,0.38,07-08-2025
CUST00584,4462402076868792,200000,0.33,18-08-2025
CUST00585,4926913488926941,50000,0.89,18-08-2025
CUST00586,4915738451605628,50000,0.8,23-08-2025
CUST00587,4694513660900318,50000,0.28,14-08-2025
CUST00588,4413246931465145,200000,0.84,30-07-2025
CUST00589,4628550388243126,50000,0.61,09-08-2025
CUST00590,4644795894681942,100000,0.30000000000000004,03-08-2025
CUST00591,4038448284391487,100000,0.06,27-08-2025
CUST00592,4910655866379482,50000,0.53,20-08-2025
CUST00593,4701762575689861,100000,0.78,14-08-2025
CUST00594,4460152399739150,100000,0.42,30-07-2025
CUST00595,4579925959577726,200000,0.24,14-08-2025
CUST00596,4935054750972629,200000,0.9,25-08-2025
CUST00597,4800775742238314,100000,0.45,18-08-2025
CUST00598,4432222853442837,200000,0.6900000000000001,30-07-2025
CUST00599,4549269725007658,50000,0.74,31-07-2025
CUST00600,4526966928916736,100000,0.84,18-08-2025
CUST00601,4345887981702953,200000,0.7000000000000001,14-08-2025
CUST00602,4084465439312973,100000,0.44,11-08-2025
CUST00603,4713107962823701,200000,0.45,20-08-2025
CUST00604,4551156031310764,50000,0.9400000000000001,05-08-2025
CUST00605,4554305496875214,200000,0.25,01-08-2025
CUST00606,4381603504273986,100000,0.30000000000000004,04-08-2025
CUST00607,4800223709769738,50000,0.12,03-08-2025
CUST00608,4801941569641743,200000,0.19,04-08-2025
CUST00609,4587788387091658,200000,0.33,14-08-2025
CUST00610,4492460495889549,200000,0.76,04-08-2025
CUST00611,4406119528958290,100000,0.77,14-08-2025
CUST00612,4341696765432883,200000,0.8300000000000001,20-08-2025
CUST00613,4541845432323747,100000,0.86,18-08-2025
CUST00614,4335356316240695,100000,0.96,10-08-2025
CUST00615,4407325260598937,200000,0.13,14-08-2025
CUST00616,4022427758743126,100000,0.91,19-08-2025
CUST00617,4263596761677811,100000,0.48,10-08-2025
CUST00618,4430149132446840,200000,0.9500000000000001,03-08-2025
CUST00619,4574148474552924,50000,0.62,16-08-2025
CUST00620,4970181440675765,50000,0.9500000000000001,15-08-2025
CUST00621,4817980213231965,100000,0.46,13-08-2025
CUST00622,4596769778851721,50000,0.29,15-08-2025
CUST00623,4788292200613775,100000,0.71,28-08-2025
CUST00624,4466461590292802,200000,0.08,28-08-2025
CUST00625,4922193001571330,200000,0.46,08-08-2025
CUST00626,4215270846216663,200000,0.13,25-08-2025
CUST00627,4861812726541718,50000,0.92,09-08-2025
CUST00628,4752105262680363,100000,0.36,30-07-2025
CUST00629,4945700914876893,200000,0.42,19-08-2025
CUST00630,4189402205466326,50000,0.28,14-08-2025
CUST00631,4199511604170043,200000,0.08,16-08-2025
CUST00632,4068108976564507,100000,0.56,21-08-2025
CUST00633,4371150717348054,200000,0.42,18-08-2025
CUST00634,4495452563770513,100000,0.41000000000000003,12-08-2025
CUST00635,4610313541268234,200000,0.31,05-08-2025
CUST00636,4440638338734830,50000,0.6900000000000001,11-08-2025
CUST00637,4639309654617592,50000,0.43,18-08-2025
CUST00638,4691843354382046,200000,0.77,24-08-2025
CUST00639,4574815137117743,200000,0.27,24-08-2025
CUST00640,4430794364568088,200000,0.32,16-08-2025
CUST00641,4474650198913345,200000,0.72,16-08-2025
CUST00642,4450416404244578,100000,0.55,05-08-2025
CUST00643,4786939995234064,100000,0.4,11-08-2025
CUST00644,4896462318031080,100000,0.30000000000000004,20-08-2025
CUST00645,4868968814565353,200000,0.92,18-08-2025
CUST00646,4147597943150972,100000,0.27,07-08-2025
CUST00647,4394098156897429,100000,0.74,17-08-2025
CUST00648,4167835971551835,200000,0.9400000000000001,25-08-2025
CUST00649,4800007049684088,200000,0.99,18-08-2025
CUST00650,4111327269374634,100000,0.75,21-08-2025
CUST00651,4321206292968181,200000,0.9500000000000001,27-08-2025
CUST00652,4344251624188662,100000,0.23,25-08-2025
CUST00653,4116945675219486,50000,0.5700000000000001,26-08-2025
CUST00654,4619292574765443,50000,0.05,30-07-2025
CUST00655,4477231555096252,100000,0.07,24-08-2025
CUST00656,4189902348550485,50000,0.86,19-08-2025
CUST00657,4957421259446349,200000,0.46,08-08-2025
CUST00658,4225191013291596,50000,0.45,20-08-2025
CUST00659,4401922327802013,200000,0.6000000000000001,09-08-2025
CUST00660,4072855413817467,50000,0.76,11-08-2025
CUST00661,4518744155539792,100000,0.6000000000000001,07-08-2025
CUST00662,4986941564430966,50000,0.44,07-08-2025
CUST00663,4731873862707163,200000,0.56,22-08-2025
CUST00664,4996324343269561,50000,0.24,21-08-2025
CUST00665,4015103121667497,200000,0.09,03-08-2025
CUST00666,4359726677795415,200000,0.26,03-08-2025
CUST00667,4447751382463237,50000,0.9,04-08-2025
CUST00668,4714938805107598,200000,0.78,05-08-2025
CUST00669,4353746634845632,100000,0.06,07-08-2025
CUST00670,4851043789617511,200000,0.71,21-08-2025
CUST00671,4790883364470003,50000,0.35000000000000003,08-08-2025
CUST00672,4272872720965729,50000,0.42,02-08-2025
CUST00673,4722175786308838,100000,0.37,10-08-2025
CUST00674,4600994840916827,100000,0.21,20-08-2025
CUST00675,4202587542810632,200000,0.11,28-08-2025
CUST00676,4224162380868721,100000,0.37,15-08-2025
CUST00677,4023090748938566,200000,0.19,05-08-2025
CUST00678,4320750025970734,200000,0.8200000000000001,21-08-2025
CUST00679,4107967906395557,200000,0.66,13-08-2025
CUST00680,4450291066827290,100000,0.88,20-08-2025
CUST00681,4152403344249522,100000,0.88,03-08-2025
CUST00682,4311317738685043,100000,0.5700000000000001,03-08-2025
CUST00683,4487851702344350,100000,0.97,17-08-2025
CUST00684,4795205491202686,200000,0.1,28-08-2025
CUST00685,4020622964008213,200000,0.6000000000000001,08-08-2025
CUST00686,4456212763253921,200000,0.6900000000000001,06-08-2025
CUST00687,4325425100585265,200000,0.81,17-08-2025
CUST00688,4279385226836829,200000,0.48,08-08-2025
CUST00689,4724226348427607,100000,0.7000000000000001,12-08-2025
CUST00690,4424039580678843,100000,0.22,30-07-2025
CUST00691,4092339868053713,50000,0.4,26-08-2025
CUST00692,4772511574238034,200000,0.21,11-08-2025
CUST00693,4198349002706478,100000,0.76,07-08-2025
CUST00694,4747233040230350,100000,0.16,02-08-2025
CUST00695,4759508702256719,50000,0.38,14-08-2025
CUST00696,4391184755137042,50000,0.16,31-07-2025
CUST00697,4272547640805439,200000,0.11,25-08-2025
CUST00698,4715735793284966,200000,0.6000000000000001,01-08-2025
CUST00699,4670277643126580,50000,0.23,09-08-2025
CUST00700,4919019466455693,50000,0.87,18-08-2025
CUST00701,4828035447838489,100000,0.7000000000000001,23-08-2025
CUST00702,4367729716670640,100000,0.47000000000000003,26-08-2025
CUST00703,4116003040259570,100000,0.93,02-08-2025
CUST00704,4746233053418653,200000,0.08,08-08-2025
CUST00705,4943340090071502,200000,0.2,27-08-2025
CUST00706,4814001027886968,50000,0.64,13-08-2025
CUST00707,4628872465398836,50000,0.4,02-08-2025
CUST00708,4118743019103533,100000,0.2,13-08-2025
CUST00709,4062883455030340,100000,0.56,20-08-2025
CUST00710,4029508192881864,50000,0.91,20-08-2025
CUST00711,4414586245832954,200000,0.8200000000000001,06-08-2025
CUST00712,4704215264481863,100000,0.35000000000000003,21-08-2025
CUST00713,4220314203541992,100000,0.76,20-08-2025
CUST00714,4908485470204966,200000,0.61,26-08-2025
CUST00715,4710681223998190,50000,0.89,28-08-2025
CUST00716,4868020699534683,50000,0.96,03-08-2025
CUST00717,4787596018659796,100000,0.08,22-08-2025
CUST00718,4770810162418957,50000,0.98,21-08-2025
CUST00719,4538027677532372,100000,0.62,15-08-2025
CUST00720,4691534130589380,100000,0.32,10-08-2025
CUST00721,4474976985816440,100000,0.75,19-08-2025
CUST00722,4814622361448223,100000,0.27,26-08-2025
CUST00723,4720778782355910,50000,0.91,04-08-2025
CUST00724,4017791542966438,200000,0.63,03-08-2025
CUST00725,4717297309747240,100000,0.08,30-07-2025
CUST00726,4706876010440896,200000,0.46,18-08-2025
CUST00727,4841006247969068,200000,0.14,10-08-2025
CUST00728,4011904461598803,200000,0.56,23-08-2025
CUST00729,4096082778518822,200000,0.98,10-08-2025
CUST00730,4045560471019983,100000,0.74,11-08-2025
CUST00731,4865727551991389,50000,0.4,03-08-2025
CUST00732,4406368263515190,50000,0.18,20-08-2025
CUST00733,4998254338023276,50000,0.42,30-07-2025
CUST00734,4777958395070339,200000,0.18,24-08-2025
CUST00735,4637630236488179,200000,0.2,25-08-2025
CUST00736,4277666394687094,50000,0.43,16-08-2025
CUST00737,4373060083159764,200000,0.2,01-08-2025
CUST00738,4587456614863861,100000,0.61,01-08-2025
CUST00739,4680562472329926,100000,0.49,15-08-2025
CUST00740,4870749547329429,200000,0.98,10-08-2025
CUST00741,4660483313652907,50000,0.84,02-08-2025
CUST00742,4919636856190618,100000,0.58,10-08-2025
CUST00743,4253205309846283,100000,0.96,13-08-2025
CUST00744,4688319745957858,100000,0.16,05-08-2025
CUST00745,4956900790650904,100000,0.52,20-08-2025
CUST00746,4694495034342665,100000,0.30000000000000004,26-08-2025
CUST00747,4449143961930147,200000,0.62,25-08-2025
CUST00748,4502611213097914,100000,0.75,01-08-2025
CUST00749,4726585409382222,200000,0.5700000000000001,10-08-2025
CUST00750,4578966957916109,200000,0.44,04-08-2025
CUST00751,4655766575976221,100000,0.29,22-08-2025
CUST00752,4099601731935853,100000,0.5700000000000001,28-08-2025
CUST00753,4695960831083507,100000,0.96,01-08-2025
CUST00754,4028351549748900,100000,0.8,02-08-2025
CUST00755,4457042774030540,200000,0.58,03-08-2025
CUST00756,4957395605221901,50000,0.78,26-08-2025
CUST00757,4169546777201027,200000,0.34,13-08-2025
CUST00758,4554858695155381,100000,0.92,18-08-2025
CUST00759,4631671113467440,200000,0.13,13-08-2025
CUST00760,4620842800610923,100000,0.44,05-08-2025
CUST00761,4739083476300997,100000,0.33,14-08-2025
CUST00762,4876464503934769,50000,0.30000000000000004,01-08-2025
CUST00763,4400050848587132,50000,0.85,09-08-2025
CUST00764,4282694412749984,100000,0.59,26-08-2025
CUST00765,4772763574802548,50000,0.48,05-08-2025
CUST00766,4626134849368602,50000,0.1,10-08-2025
CUST00767,4374591752031491,50000,0.43,10-08-2025
CUST00768,4346506755213858,100000,0.54,12-08-2025
CUST00769,4309587233803903,200000,0.9500000000000001,18-08-2025
CUST00770,4531840084932665,100000,0.29,03-08-2025
CUST00771,4429210107596423,100000,0.92,10-08-2025
CUST00772,4901625530121644,100000,0.34,24-08-2025
CUST00773,4318651369728863,200000,0.47000000000000003,12-08-2025
CUST00774,4554596526764051,200000,0.63,19-08-2025
CUST00775,4213438479638047,200000,0.06,07-08-2025
CUST00776,4641579642888787,200000,0.19,22-08-2025
CUST00777,4107809702932452,200000,0.15,20-08-2025
CUST00778,4466867714470115,50000,0.26,02-08-2025
CUST00779,4327505794475074,100000,0.08,15-08-2025
CUST00780,4264787561171813,200000,0.9500000000000001,08-08-2025
CUST00781,4490106005432089,50000,0.48,02-08-2025
CUST00782,4715918278410156,50000,0.68,20-08-2025
CUST00783,4157167646118056,200000,0.9,08-08-2025
CUST00784,4414527035316266,200000,0.42,06-08-2025
CUST00785,4526573458516982,50000,0.88,10-08-2025
CUST00786,4245077894802930,100000,0.59,11-08-2025
CUST00787,4991536718101084,200000,0.31,09-08-2025
CUST00788,4638095466789669,100000,0.98,27-08-2025
CUST00789,4962929056461833,200000,0.38,07-08-2025
CUST00790,4472721305017094,100000,0.9500000000000001,28-08-2025
CUST00791,4731173181120469,50000,0.74,14-08-2025
CUST00792,4621810264889038,200000,0.05,11-08-2025
CUST00793,4405495840425942,50000,0.51,31-07-2025
CUST00794,4548767842981169,100000,0.07,15-08-2025
CUST00795,4651752101162391,50000,0.47000000000000003,08-08-2025
CUST00796,4979367562947213,50000,0.15,20-08-2025
CUST00797,4571744728925728,200000,0.65,01-08-2025
CUST00798,4599680268996493,200000,0.71,11-08-2025
CUST00799,4215887786940452,100000,0.23,14-08-2025
CUST00800,4900244432281092,50000,0.55,19-08-2025
CUST00801,4628320091002701,100000,0.52,04-08-2025
CUST00802,4985736135120012,200000,0.8,02-08-2025
CUST00803,4528578354484280,100000,0.58,11-08-2025
CUST00804,4778749388108437,200000,0.97,04-08-2025
CUST00805,4708672326649743,200000,0.53,19-08-2025
CUST00806,4135167810233356,50000,0.67,07-08-2025
CUST00807,4651684725235907,100000,0.54,10-08-2025
CUST00808,4119746564306286,200000,0.08,26-08-2025
CUST00809,4866254993380595,50000,0.16,08-08-2025
CUST00810,4574778756387117,50000,0.76,20-08-2025
CUST00811,4972221835168344,100000,0.59,17-08-2025
CUST00812,4018629942624589,200000,0.61,20-08-2025
CUST00813,4153756641142356,50000,0.58,07-08-2025
CUST00814,4287239941750883,100000,0.56,25-08-2025
CUST00815,4278597262958473,50000,0.81,13-08-2025
CUST00816,4738338296552063,200000,0.48,06-08-2025
CUST00817,4631562933734279,200000,0.56,02-08-2025
CUST00818,4334658692169573,50000,0.13,28-08-2025
CUST00819,4554998614605949,100000,0.63,15-08-2025
CUST00820,4195746977219736,200000,0.39,18-08-2025
CUST00821,4665225238585118,200000,0.68,22-08-2025
CUST00822,4998038663726558,50000,0.30000000000000004,11-08-2025
CUST00823,4001960328060444,200000,0.64,07-08-2025
CUST00824,4241875225109839,50000,0.17,05-08-2025
CUST00825,4349992373410573,100000,0.41000000000000003,14-08-2025
CUST00826,4289894992456386,50000,0.21,26-08-2025
CUST00827,4543116752243065,100000,0.46,07-08-2025
CUST00828,4615909771737198,50000,0.91,05-08-2025
CUST00829,4665988852542034,100000,0.35000000000000003,27-08-2025
CUST00830,4703024594768891,200000,0.39,21-08-2025
CUST00831,4743116210190819,100000,0.13,20-08-2025
CUST00832,4466432963403997,50000,0.26,20-08-2025
CUST00833,4137245384465546,200000,0.65,12-08-2025
CUST00834,4833343074245670,100000,0.75,14-08-2025
CUST00835,4110737603244431,200000,0.29,28-08-2025
CUST00836,4930176105426436,50000,0.86,14-08-2025
CUST00837,4162230662544108,200000,0.09,07-08-2025
CUST00838,4462833341755112,200000,0.81,03-08-2025
CUST00839,4643990140980153,100000,0.72,01-08-2025
CUST00840,4294500502973897,50000,0.76,05-08-2025
CUST00841,4702048484765768,200000,0.4,20-08-2025
CUST00842,4506067801945887,100000,0.1,31-07-2025
CUST00843,4836328702147554,100000,0.96,17-08-2025
CUST00844,4011828050094901,50000,0.1,01-08-2025
CUST00845,4398738416348097,100000,0.09,19-08-2025
CUST00846,4466355836908371,200000,0.28,28-08-2025
CUST00847,4588992301027296,50000,0.32,15-08-2025
CUST00848,4835848867682182,50000,0.36,31-07-2025
CUST00849,4694961820415533,200000,0.17,22-08-2025
CUST00850,4050243310846845,50000,0.25,14-08-2025
CUST00851,4150038938127527,50000,0.71,31-07-2025
CUST00852,4756645864935443,50000,0.68,01-08-2025
CUST00853,4817565433291832,200000,0.4,11-08-2025
CUST00854,4294977752038903,50000,0.77,26-08-2025
CUST00855,4975042632562414,200000,0.77,30-07-2025
CUST00856,4758440195207198,50000,0.07,12-08-2025
CUST00857,4283738641973630,50000,0.73,08-08-2025
CUST00858,4738126023138131,200000,0.07,11-08-2025
CUST00859,4374774336562486,50000,0.35000000000000003,28-08-2025
CUST00860,4337462106377537,50000,0.9400000000000001,24-08-2025
CUST00861,4874711051088891,200000,0.79,13-08-2025
CUST00862,4491807791412513,200000,0.58,17-08-2025
CUST00863,4989642320982194,50000,0.28,15-08-2025
CUST00864,4275644395280760,50000,0.8,14-08-2025
CUST00865,4798976614375087,200000,0.78,17-08-2025
CUST00866,4388386698904759,50000,0.79,04-08-2025
CUST00867,4815825382700807,50000,0.5,11-08-2025
CUST00868,4133417745388825,50000,0.30000000000000004,22-08-2025
CUST00869,4346399587310746,100000,0.21,26-08-2025
CUST00870,4997188062946305,50000,0.29,20-08-2025
CUST00871,4434297608942695,100000,0.79,16-08-2025
CUST00872,4245504016735925,50000,0.5,13-08-2025
CUST00873,4055061590876786,100000,0.81,10-08-2025
CUST00874,4265182202842675,50000,0.64,23-08-2025
CUST00875,4766182169981529,200000,0.63,26-08-2025
CUST00876,4402755005679521,200000,0.99,08-08-2025
CUST00877,4063626803188906,50000,0.68,04-08-2025
CUST00878,4075313394698809,50000,0.59,03-08-2025
CUST00879,4671669597735628,100000,0.30000000000000004,19-08-2025
CUST00880,4164899305299575,50000,0.98,11-08-2025
CUST00881,4500869928267435,200000,0.6000000000000001,01-08-2025
CUST00882,4938133840186354,200000,0.2,12-08-2025
CUST00883,4513131070759881,200000,0.14,06-08-2025
CUST00884,4854342652131799,100000,0.7000000000000001,24-08-2025
CUST00885,4022875579652586,100000,0.30000000000000004,12-08-2025
CUST00886,4050497848666251,100000,0.24,24-08-2025
CUST00887,4893215958755194,200000,0.8300000000000001,27-08-2025
CUST00888,4545507615690135,50000,0.76,23-08-2025
CUST00889,4790780366099660,200000,0.22,16-08-2025
CUST00890,4243577603518712,50000,0.54,24-08-2025
CUST00891,4662609967001111,50000,0.26,08-08-2025
CUST00892,4646173617220675,200000,0.34,21-08-2025
CUST00893,4287459511898474,50000,0.54,10-08-2025
CUST00894,4707969966144430,50000,0.88,04-08-2025
CUST00895,4584899780227390,50000,0.31,20-08-2025
CUST00896,4846117727977243,200000,0.08,22-08-2025
CUST00897,4716179998769783,200000,0.13,30-07-2025
CUST00898,4936157765660164,100000,0.31,21-08-2025
CUST00899,4809625581040029,50000,0.14,08-08-2025
CUST00900,4232970323629137,50000,0.86,24-08-2025
CUST00901,4364538371921110,50000,0.38,19-08-2025
CUST00902,4698289993116141,200000,0.37,20-08-2025
CUST00903,4032879159286142,200000,0.8,14-08-2025
CUST00904,4356710738664898,50000,0.35000000000000003,23-08-2025
CUST00905,4235227361786136,200000,0.98,25-08-2025
CUST00906,4942296569238658,50000,0.46,26-08-2025
CUST00907,4289186383307627,200000,0.8300000000000001,26-08-2025
CUST00908,4367343901178008,100000,0.12,01-08-2025
CUST00909,4969873470439629,200000,0.11,04-08-2025
CUST00910,4112692041625880,100000,0.52,20-08-2025
CUST00911,4996295539193211,200000,0.68,10-08-2025
CUST00912,4301822024981189,100000,0.84,05-08-2025
CUST00913,4251916653677602,100000,0.22,05-08-2025
CUST00914,4010294597326939,50000,0.91,04-08-2025
CUST00915,4637175197446338,100000,0.92,27-08-2025
CUST00916,4033501777280109,200000,0.8,16-08-2025
CUST00917,4333130889566373,200000,0.06,21-08-2025
CUST00918,4678491929757911,100000,0.98,25-08-2025
CUST00919,4960610827514256,200000,0.08,19-08-2025
CUST00920,4431253717512459,100000,0.32,12-08-2025
CUST00921,4018395146192249,200000,0.11,19-08-2025
CUST00922,4396331490656350,100000,0.56,01-08-2025
CUST00923,4291827695092002,100000,0.67,01-08-2025
CUST00924,4927827430210735,200000,0.5,24-08-2025
CUST00925,4074491067523156,100000,0.71,08-08-2025
CUST00926,4490583944823826,50000,0.21,17-08-2025
CUST00927,4238412500156591,200000,0.2,19-08-2025
CUST00928,4730686999554755,200000,0.75,17-08-2025
CUST00929,4634099626506780,200000,0.05,07-08-2025
CUST00930,4529540593720755,200000,0.65,03-08-2025
CUST00931,4935533857441466,100000,0.71,10-08-2025
CUST00932,4635701231647782,50000,0.21,28-08-2025
CUST00933,4435182400097531,50000,0.14,18-08-2025
CUST00934,4289841054038197,200000,0.07,31-07-2025
CUST00935,4977963538222380,100000,0.8200000000000001,05-08-2025
CUST00936,4017476834304025,50000,0.46,02-08-2025
CUST00937,4821748450433195,100000,0.16,31-07-2025
CUST00938,4473911636774400,100000,0.89,22-08-2025
CUST00939,4855576646122217,50000,0.49,12-08-2025
CUST00940,4399464709213544,200000,0.73,01-08-2025
CUST00941,4806601191150155,50000,0.2,01-08-2025
CUST00942,4907259082915498,100000,0.25,09-08-2025
CUST00943,4518862198257856,50000,0.12,26-08-2025
CUST00944,4223529926352732,200000,0.66,02-08-2025
CUST00945,4485620929671481,200000,0.6000000000000001,22-08-2025
CUST00946,4557229902382164,100000,0.45,25-08-2025
CUST00947,4448153031944721,100000,0.31,24-08-2025
CUST00948,4048542158341191,50000,0.92,16-08-2025
CUST00949,4051171482905810,100000,0.72,16-08-2025
CUST00950,4605720406454658,100000,0.56,23-08-2025
CUST00951,4966065839774004,50000,0.12,09-08-2025
CUST00952,4901325560917645,50000,0.58,26-08-2025
CUST00953,4394653423215598,50000,0.97,24-08-2025
CUST00954,4534386795993511,100000,0.72,27-08-2025
CUST00955,4278033461625404,200000,0.68,28-08-2025
CUST00956,4708901072343850,100000,0.8300000000000001,14-08-2025
CUST00957,4016140001441005,200000,0.19,05-08-2025
CUST00958,4742686644673506,100000,0.8200000000000001,08-08-2025
CUST00959,4943987902574920,100000,0.2,15-08-2025
CUST00960,4532791416909410,50000,0.17,30-07-2025
CUST00961,4969798184290773,200000,0.85,30-07-2025
CUST00962,4828977527919548,50000,0.93,15-08-2025
CUST00963,4310865550037919,200000,0.58,12-08-2025
CUST00964,4262384571293659,50000,0.34,19-08-2025
CUST00965,4398069872348141,100000,0.15,22-08-2025
CUST00966,4213355847384800,100000,0.66,09-08-2025
CUST00967,4534793158160104,200000,0.28,15-08-2025
CUST00968,4474863393456405,100000,0.62,31-07-2025
CUST00969,4670522074973616,100000,0.19,06-08-2025
CUST00970,4336535831293437,200000,0.66,18-08-2025
CUST00971,4913056323826727,50000,0.49,04-08-2025
CUST00972,4209414161315512,100000,0.5,28-08-2025
CUST00973,4256423062566760,100000,0.16,31-07-2025
CUST00974,4222428478824033,50000,0.58,20-08-2025
CUST00975,4932133229277997,50000,0.7000000000000001,23-08-2025
CUST00976,4841906112799567,100000,0.67,06-08-2025
CUST00977,4311524158946040,50000,0.89,05-08-2025
CUST00978,4215309129522747,200000,0.52,13-08-2025
CUST00979,4001653900982930,100000,0.8200000000000001,25-08-2025
CUST00980,4740197406374629,100000,0.44,04-08-2025
CUST00981,4832472424080924,200000,0.75,02-08-2025
CUST00982,4366423450335574,100000,0.4,05-08-2025
CUST00983,4806520443260513,100000,0.81,25-08-2025
CUST00984,4713226446199380,50000,0.33,05-08-2025
CUST00985,4178185683536120,50000,0.06,30-07-2025
CUST00986,4364768024759332,100000,0.07,14-08-2025
CUST00987,4090389094453749,100000,0.55,15-08-2025
CUST00988,4233495928603308,50000,0.79,01-08-2025
CUST00989,4321431817489499,200000,0.53,02-08-2025
CUST00990,4463849784768508,200000,0.53,08-08-2025
CUST00991,4263652296323599,100000,0.92,07-08-2025
CUST00992,4214915259793839,100000,0.8,08-08-2025
CUST00993,4419419340284144,200000,0.75,19-08-2025
CUST00994,4266310579135634,200000,0.59,18-08-2025
CUST00995,4759017745415598,100000,0.21,05-08-2025
CUST00996,4431381542959910,200000,0.28,14-08-2025
CUST00997,4264876841908746,100000,0.6000000000000001,17-08-2025
CUST00998,4031894338607850,50000,0.19,30-07-2025
CUST00999,4848436999224322,100000,0.29,06-08-2025
CUST01000,4366993136740783,200000,0.46,08-08-2025
